Initialized native services in: C:\Users\Utilisateur\.gradle\native
Initialized jansi services in: C:\Users\Utilisateur\.gradle\native
Found daemon DaemonInfo{pid=30812, address=[3c076b45-cea1-447c-afc5-da6e72a7d05b port:49784, addresses:[/127.0.0.1]], state=Idle, lastBusy=1784102179399, context=DefaultDaemonContext[uid=38307e33-4bb4-4ce0-ab20-49b07dacef31,javaHome=C:\Users\Utilisateur\.antigravity-ide\extensions\redhat.java-1.55.0-win32-x64\jre\21.0.11-win32-x86_64,javaVersion=21,javaVendor=Eclipse Adoptium,daemonRegistryDir=C:\Users\Utilisateur\.gradle\daemon,pid=30812,idleTimeout=10800000,priority=NORMAL,applyInstrumentationAgent=true,nativeServicesMode=ENABLED,daemonOpts=-XX:MaxMetaspaceSize=4G,-XX:ReservedCodeCacheSize=512m,-XX:+HeapDumpOnOutOfMemoryError,-Xmx8G,-Dfile.encoding=UTF-8,-Duser.country=CI,-Duser.language=fr,-Duser.variant]} however its context does not match the desired criteria.
JVM is incompatible.
Wanted: DaemonRequestContext{jvmCriteria=C:\Program Files\Eclipse Adoptium\jdk-21.0.11.10-hotspot (no JDK specified, using current Java home), daemonOpts=[-XX:MaxMetaspaceSize=4G, -XX:ReservedCodeCacheSize=512m, -XX:+HeapDumpOnOutOfMemoryError, -Xmx8G, -Dfile.encoding=UTF-8, -Duser.country=CI, -Duser.language=fr, -Duser.variant], applyInstrumentationAgent=true, nativeServicesMode=ENABLED, priority=NORMAL}
Actual: DefaultDaemonContext[uid=38307e33-4bb4-4ce0-ab20-49b07dacef31,javaHome=C:\Users\Utilisateur\.antigravity-ide\extensions\redhat.java-1.55.0-win32-x64\jre\21.0.11-win32-x86_64,javaVersion=21,javaVendor=Eclipse Adoptium,daemonRegistryDir=C:\Users\Utilisateur\.gradle\daemon,pid=30812,idleTimeout=10800000,priority=NORMAL,applyInstrumentationAgent=true,nativeServicesMode=ENABLED,daemonOpts=-XX:MaxMetaspaceSize=4G,-XX:ReservedCodeCacheSize=512m,-XX:+HeapDumpOnOutOfMemoryError,-Xmx8G,-Dfile.encoding=UTF-8,-Duser.country=CI,-Duser.language=fr,-Duser.variant]

  Looking for a different daemon...
Found daemon DaemonInfo{pid=40424, address=[af63bcd6-29a8-4e56-8782-27e627a90e44 port:49389, addresses:[/127.0.0.1]], state=Idle, lastBusy=1784102412860, context=DefaultDaemonContext[uid=6d9a9d69-3154-4de2-9758-1bf4a74ff6ae,javaHome=C:\Program Files\Android\Android Studio\jbr,javaVersion=21,javaVendor=JetBrains s.r.o.,daemonRegistryDir=C:\Users\Utilisateur\.gradle\daemon,pid=40424,idleTimeout=10800000,priority=NORMAL,applyInstrumentationAgent=true,nativeServicesMode=ENABLED,daemonOpts=-XX:MaxMetaspaceSize=4G,-XX:ReservedCodeCacheSize=512m,-XX:+HeapDumpOnOutOfMemoryError,-Xmx8G,-Dfile.encoding=UTF-8,-Duser.country=CI,-Duser.language=fr,-Duser.variant]} however its context does not match the desired criteria.
JVM is incompatible.
Wanted: DaemonRequestContext{jvmCriteria=C:\Program Files\Eclipse Adoptium\jdk-21.0.11.10-hotspot (no JDK specified, using current Java home), daemonOpts=[-XX:MaxMetaspaceSize=4G, -XX:ReservedCodeCacheSize=512m, -XX:+HeapDumpOnOutOfMemoryError, -Xmx8G, -Dfile.encoding=UTF-8, -Duser.country=CI, -Duser.language=fr, -Duser.variant], applyInstrumentationAgent=true, nativeServicesMode=ENABLED, priority=NORMAL}
Actual: DefaultDaemonContext[uid=6d9a9d69-3154-4de2-9758-1bf4a74ff6ae,javaHome=C:\Program Files\Android\Android Studio\jbr,javaVersion=21,javaVendor=JetBrains s.r.o.,daemonRegistryDir=C:\Users\Utilisateur\.gradle\daemon,pid=40424,idleTimeout=10800000,priority=NORMAL,applyInstrumentationAgent=true,nativeServicesMode=ENABLED,daemonOpts=-XX:MaxMetaspaceSize=4G,-XX:ReservedCodeCacheSize=512m,-XX:+HeapDumpOnOutOfMemoryError,-Xmx8G,-Dfile.encoding=UTF-8,-Duser.country=CI,-Duser.language=fr,-Duser.variant]

  Looking for a different daemon...
Removing 0 daemon stop events from registry
Previous Daemon (6720) stopped at Wed Jul 15 07:49:13 GMT 2026 after being idle for 0 minutes and not recently used and to reclaim system physical memory
Previous Daemon (19972) stopped at Wed Jul 15 07:58:50 GMT 2026 after being idle for 2 minutes and not recently used and to reclaim system physical memory
Previous Daemon (18684) stopped at Wed Jul 15 07:47:48 GMT 2026 by user or operating system
Previous Daemon (24928) stopped at Wed Jul 15 07:47:58 GMT 2026 by user or operating system
Previous Daemon (11620) stopped at Wed Jul 15 07:55:11 GMT 2026 by user or operating system
Previous Daemon (18544) stopped at Wed Jul 15 08:00:10 GMT 2026 by user or operating system
Starting a Gradle Daemon, 1 busy and 2 incompatible and 6 stopped Daemons could not be reused, use --status for details
Starting process 'Gradle build daemon'. Working directory: C:\Users\Utilisateur\.gradle\daemon\8.14 Command: C:\Program Files\Eclipse Adoptium\jdk-21.0.11.10-hotspot\bin\java.exe --add-opens=java.base/java.lang=ALL-UNNAMED --add-opens=java.base/java.lang.invoke=ALL-UNNAMED --add-opens=java.base/java.util=ALL-UNNAMED --add-opens=java.prefs/java.util.prefs=ALL-UNNAMED --add-exports=jdk.compiler/com.sun.tools.javac.api=ALL-UNNAMED --add-exports=jdk.compiler/com.sun.tools.javac.util=ALL-UNNAMED --add-opens=java.base/java.util=ALL-UNNAMED --add-opens=java.prefs/java.util.prefs=ALL-UNNAMED --add-opens=java.base/java.nio.charset=ALL-UNNAMED --add-opens=java.base/java.net=ALL-UNNAMED --add-opens=java.base/java.util.concurrent.atomic=ALL-UNNAMED --add-opens=java.xml/javax.xml.namespace=ALL-UNNAMED -XX:MaxMetaspaceSize=4G -XX:ReservedCodeCacheSize=512m -XX:+HeapDumpOnOutOfMemoryError -Xmx8G -Dfile.encoding=UTF-8 -Duser.country=CI -Duser.language=fr -Duser.variant -cp C:\Users\Utilisateur\.gradle\wrapper\dists\gradle-8.14-all\c2qonpi39x1mddn7hk5gh9iqj\gradle-8.14\lib\gradle-daemon-main-8.14.jar -javaagent:C:\Users\Utilisateur\.gradle\wrapper\dists\gradle-8.14-all\c2qonpi39x1mddn7hk5gh9iqj\gradle-8.14\lib\agents\gradle-instrumentation-agent-8.14.jar org.gradle.launcher.daemon.bootstrap.GradleDaemon 8.14
Successfully started process 'Gradle build daemon'
An attempt to start the daemon took 1.601 secs.
The client will now receive all logging from the daemon (pid: 24544). The daemon log file: C:\Users\Utilisateur\.gradle\daemon\8.14\daemon-24544.out.log
Starting build in new daemon [memory: 8 GiB]
Using 12 worker leases.
Received JVM installation metadata from 'C:\Program Files\Eclipse Adoptium\jdk-21.0.11.10-hotspot': {JAVA_HOME=C:\Program Files\Eclipse Adoptium\jdk-21.0.11.10-hotspot, JAVA_VERSION=21.0.11, JAVA_VENDOR=Eclipse Adoptium, RUNTIME_NAME=OpenJDK Runtime Environment, RUNTIME_VERSION=21.0.11+10-LTS, VM_NAME=OpenJDK 64-Bit Server VM, VM_VERSION=21.0.11+10-LTS, VM_VENDOR=Eclipse Adoptium, OS_ARCH=amd64}
Watching the file system is configured to be enabled if available
Now considering [C:\Users\Utilisateur\Documents\GitHub\monartisanpro-app\frontend_flutter\android] as hierarchies to watch
File system watching is active
Starting Build
Now considering [C:\Users\Utilisateur\flutter\packages\flutter_tools\gradle, C:\Users\Utilisateur\Documents\GitHub\monartisanpro-app\frontend_flutter\android] as hierarchies to watch

> Configure project :gradle
Evaluating project ':gradle' using build file 'C:\Users\Utilisateur\flutter\packages\flutter_tools\gradle\build.gradle.kts'.
Resolved plugin [id: 'org.gradle.java-gradle-plugin']
Resolved plugin [id: 'org.gradle.groovy']
Resolved plugin [id: 'org.gradle.kotlin.kotlin-dsl', version: '5.2.0']
Resolved plugin [id: 'org.jetbrains.kotlin.jvm', version: '1.9.20']
Using Kotlin Gradle Plugin gradle85 variant
kotlin scripting plugin: created the scripting discovery configuration: kotlinScriptDef
kotlin scripting plugin: created the scripting discovery configuration: testKotlinScriptDef
file or directory 'C:\Users\Utilisateur\flutter\packages\flutter_tools\gradle\src\main\java', not found
Resolved plugin [id: 'dev.flutter.flutter-plugin-loader', version: '1.0.0']
Resolved plugin [id: 'com.android.application', version: '8.11.1', apply: false]
Resolved plugin [id: 'org.jetbrains.kotlin.android', version: '2.2.20', apply: false]
Resolve mutations for :gradle:checkKotlinGradlePluginConfigurationErrors (Thread[#93,Execution worker,5,main]) started.
:gradle:checkKotlinGradlePluginConfigurationErrors (Thread[#93,Execution worker,5,main]) started.

> Task :gradle:checkKotlinGradlePluginConfigurationErrors SKIPPED
Skipping task ':gradle:checkKotlinGradlePluginConfigurationErrors' as task onlyIf 'errorDiagnostics are present' is false.
Resolve mutations for :gradle:compileKotlin (Thread[#93,Execution worker,5,main]) started.
:gradle:compileKotlin (Thread[#93,Execution worker,5,main]) started.

> Task :gradle:compileKotlin UP-TO-DATE
Caching disabled for task ':gradle:compileKotlin' because:
  Build cache is disabled
Skipping task ':gradle:compileKotlin' as it is up-to-date.
Resolve mutations for :gradle:compileJava (Thread[#93,Execution worker,5,main]) started.
:gradle:compileJava (Thread[#93,Execution worker,5,main]) started.

> Task :gradle:compileJava NO-SOURCE
Skipping task ':gradle:compileJava' as it has no source files and no previous output files.
Resolve mutations for :gradle:compileGroovy (Thread[#93,Execution worker,5,main]) started.
:gradle:compileGroovy (Thread[#93,Execution worker,5,main]) started.

> Task :gradle:compileGroovy NO-SOURCE
Skipping task ':gradle:compileGroovy' as it has no source files and no previous output files.
Resolve mutations for :gradle:pluginDescriptors (Thread[#93,Execution worker,5,main]) started.
:gradle:pluginDescriptors (Thread[#93,Execution worker,5,main]) started.

> Task :gradle:pluginDescriptors UP-TO-DATE
Caching disabled for task ':gradle:pluginDescriptors' because:
  Build cache is disabled
  Not worth caching
Skipping task ':gradle:pluginDescriptors' as it is up-to-date.
Resolve mutations for :gradle:processResources (Thread[#93,Execution worker,5,main]) started.
:gradle:processResources (Thread[#93,Execution worker,5,main]) started.

> Task :gradle:processResources UP-TO-DATE
Caching disabled for task ':gradle:processResources' because:
  Build cache is disabled
  Not worth caching
Skipping task ':gradle:processResources' as it is up-to-date.
Resolve mutations for :gradle:classes (Thread[#93,Execution worker,5,main]) started.
:gradle:classes (Thread[#93,Execution worker,5,main]) started.

> Task :gradle:classes UP-TO-DATE
Skipping task ':gradle:classes' as it has no actions.
Resolve mutations for :gradle:jar (Thread[#93,Execution worker,5,main]) started.
:gradle:jar (Thread[#93,Execution worker,5,main]) started.

> Task :gradle:jar UP-TO-DATE
Caching disabled for task ':gradle:jar' because:
  Build cache is disabled
  Not worth caching
Skipping task ':gradle:jar' as it is up-to-date.
Settings evaluated using settings file 'C:\Users\Utilisateur\Documents\GitHub\monartisanpro-app\frontend_flutter\android\settings.gradle.kts'.
Projects loaded. Root project using build file 'C:\Users\Utilisateur\Documents\GitHub\monartisanpro-app\frontend_flutter\android\build.gradle.kts'.
Included projects: [root project 'monartisanpro-app-android-nested', project ':app', project ':flutter_plugin_android_lifecycle', project ':flutter_secure_storage', project ':geocoding_android', project ':geolocator_android', project ':image_picker_android', project ':mobile_scanner', project ':onesignal_flutter', project ':path_provider_android', project ':permission_handler_android', project ':shared_preferences_android', project ':sqflite_android', project ':url_launcher_android', project ':webview_flutter_android', project ':yandex_maps_mapkit']

> Configure project :
Evaluating root project 'monartisanpro-app-android-nested' using build file 'C:\Users\Utilisateur\Documents\GitHub\monartisanpro-app\frontend_flutter\android\build.gradle.kts'.
Resolved plugin [id: 'org.jetbrains.kotlin.android', apply: false]

> Configure project :app
Evaluating project ':app' using build file 'C:\Users\Utilisateur\Documents\GitHub\monartisanpro-app\frontend_flutter\android\app\build.gradle.kts'.
Resolved plugin [id: 'com.android.application']
Resolved plugin [id: 'kotlin-android']
Resolved plugin [id: 'dev.flutter.flutter-gradle-plugin']
Using default execution profile
Build 4d3a53a2-c02d-45b0-9371-f57778f1ce46 is started
Using Kotlin Gradle Plugin gradle813 variant
C/C++: android.ndkVersion from module build.gradle is [28.2.13676358]
C/C++: android.ndkPath from module build.gradle is not set
C/C++: ndk.dir in local.properties is not set
C/C++: Not considering ANDROID_NDK_HOME because support was removed after deprecation period.
C/C++: sdkFolder is C:\Users\Utilisateur\AppData\Local\Android\sdk
C/C++: android.ndkVersion from module build.gradle is [28.2.13676358]
C/C++: android.ndkPath from module build.gradle is not set
C/C++: ndk.dir in local.properties is not set
C/C++: Not considering ANDROID_NDK_HOME because support was removed after deprecation period.
C/C++: sdkFolder is C:\Users\Utilisateur\AppData\Local\Android\sdk
C/C++: android.ndkVersion from module build.gradle is [28.2.13676358]
C/C++: android.ndkPath from module build.gradle is not set
C/C++: ndk.dir in local.properties is not set
C/C++: Not considering ANDROID_NDK_HOME because support was removed after deprecation period.
C/C++: sdkFolder is C:\Users\Utilisateur\AppData\Local\Android\sdk
C/C++: android.ndkVersion from module build.gradle is [28.2.13676358]
C/C++: android.ndkPath from module build.gradle is not set
C/C++: ndk.dir in local.properties is not set
C/C++: Not considering ANDROID_NDK_HOME because support was removed after deprecation period.
C/C++: sdkFolder is C:\Users\Utilisateur\AppData\Local\Android\sdk
C/C++: android.ndkVersion from module build.gradle is [28.2.13676358]
C/C++: android.ndkPath from module build.gradle is not set
C/C++: ndk.dir in local.properties is not set
C/C++: Not considering ANDROID_NDK_HOME because support was removed after deprecation period.
C/C++: sdkFolder is C:\Users\Utilisateur\AppData\Local\Android\sdk
C/C++: android.ndkVersion from module build.gradle is [28.2.13676358]
C/C++: android.ndkPath from module build.gradle is not set
C/C++: ndk.dir in local.properties is not set
C/C++: Not considering ANDROID_NDK_HOME because support was removed after deprecation period.
C/C++: sdkFolder is C:\Users\Utilisateur\AppData\Local\Android\sdk
C/C++: android.ndkVersion from module build.gradle is [28.2.13676358]
C/C++: android.ndkPath from module build.gradle is not set
C/C++: ndk.dir in local.properties is not set
C/C++: Not considering ANDROID_NDK_HOME because support was removed after deprecation period.
C/C++: sdkFolder is C:\Users\Utilisateur\AppData\Local\Android\sdk
C/C++: android.ndkVersion from module build.gradle is [28.2.13676358]
C/C++: android.ndkPath from module build.gradle is not set
C/C++: ndk.dir in local.properties is not set
C/C++: Not considering ANDROID_NDK_HOME because support was removed after deprecation period.
C/C++: sdkFolder is C:\Users\Utilisateur\AppData\Local\Android\sdk
C/C++: android.ndkVersion from module build.gradle is [28.2.13676358]
C/C++: android.ndkPath from module build.gradle is not set
C/C++: ndk.dir in local.properties is not set
C/C++: Not considering ANDROID_NDK_HOME because support was removed after deprecation period.
C/C++: sdkFolder is C:\Users\Utilisateur\AppData\Local\Android\sdk
C/C++: android.ndkVersion from module build.gradle is [28.2.13676358]
C/C++: android.ndkPath from module build.gradle is not set
C/C++: ndk.dir in local.properties is not set
C/C++: Not considering ANDROID_NDK_HOME because support was removed after deprecation period.
C/C++: sdkFolder is C:\Users\Utilisateur\AppData\Local\Android\sdk
C/C++: android.ndkVersion from module build.gradle is [28.2.13676358]
C/C++: android.ndkPath from module build.gradle is not set
C/C++: ndk.dir in local.properties is not set
C/C++: Not considering ANDROID_NDK_HOME because support was removed after deprecation period.
C/C++: sdkFolder is C:\Users\Utilisateur\AppData\Local\Android\sdk
C/C++: android.ndkVersion from module build.gradle is [28.2.13676358]
C/C++: android.ndkPath from module build.gradle is not set
C/C++: ndk.dir in local.properties is not set
C/C++: Not considering ANDROID_NDK_HOME because support was removed after deprecation period.
C/C++: sdkFolder is C:\Users\Utilisateur\AppData\Local\Android\sdk
C/C++: android.ndkVersion from module build.gradle is [28.2.13676358]
C/C++: android.ndkPath from module build.gradle is not set
C/C++: ndk.dir in local.properties is not set
C/C++: Not considering ANDROID_NDK_HOME because support was removed after deprecation period.
C/C++: sdkFolder is C:\Users\Utilisateur\AppData\Local\Android\sdk
C/C++: android.ndkVersion from module build.gradle is [28.2.13676358]
C/C++: android.ndkPath from module build.gradle is not set
C/C++: ndk.dir in local.properties is not set
C/C++: Not considering ANDROID_NDK_HOME because support was removed after deprecation period.
C/C++: sdkFolder is C:\Users\Utilisateur\AppData\Local\Android\sdk
C/C++: android.ndkVersion from module build.gradle is [28.2.13676358]
C/C++: android.ndkPath from module build.gradle is not set
C/C++: ndk.dir in local.properties is not set
C/C++: Not considering ANDROID_NDK_HOME because support was removed after deprecation period.
C/C++: sdkFolder is C:\Users\Utilisateur\AppData\Local\Android\sdk
C/C++: android.ndkVersion from module build.gradle is [28.2.13676358]
C/C++: android.ndkPath from module build.gradle is not set
C/C++: ndk.dir in local.properties is not set
C/C++: Not considering ANDROID_NDK_HOME because support was removed after deprecation period.
C/C++: sdkFolder is C:\Users\Utilisateur\AppData\Local\Android\sdk
C/C++: android.ndkVersion from module build.gradle is [28.2.13676358]
C/C++: android.ndkPath from module build.gradle is not set
C/C++: ndk.dir in local.properties is not set
C/C++: Not considering ANDROID_NDK_HOME because support was removed after deprecation period.
C/C++: sdkFolder is C:\Users\Utilisateur\AppData\Local\Android\sdk
C/C++: android.ndkVersion from module build.gradle is [28.2.13676358]
C/C++: android.ndkPath from module build.gradle is not set
C/C++: ndk.dir in local.properties is not set
C/C++: Not considering ANDROID_NDK_HOME because support was removed after deprecation period.
C/C++: sdkFolder is C:\Users\Utilisateur\AppData\Local\Android\sdk
C/C++: android.ndkVersion from module build.gradle is [28.2.13676358]
C/C++: android.ndkPath from module build.gradle is not set
C/C++: ndk.dir in local.properties is not set
C/C++: Not considering ANDROID_NDK_HOME because support was removed after deprecation period.
C/C++: sdkFolder is C:\Users\Utilisateur\AppData\Local\Android\sdk

> Configure project :flutter_plugin_android_lifecycle
Evaluating project ':flutter_plugin_android_lifecycle' using build file 'C:\Users\Utilisateur\AppData\Local\Pub\Cache\hosted\pub.dev\flutter_plugin_android_lifecycle-2.0.33\android\build.gradle'.
Using default execution profile

> Configure project :flutter_secure_storage
Evaluating project ':flutter_secure_storage' using build file 'C:\Users\Utilisateur\AppData\Local\Pub\Cache\hosted\pub.dev\flutter_secure_storage-9.2.4\android\build.gradle'.
Using default execution profile

> Configure project :geocoding_android
Evaluating project ':geocoding_android' using build file 'C:\Users\Utilisateur\AppData\Local\Pub\Cache\hosted\pub.dev\geocoding_android-3.3.1\android\build.gradle'.
Using default execution profile

> Configure project :geolocator_android
Evaluating project ':geolocator_android' using build file 'C:\Users\Utilisateur\AppData\Local\Pub\Cache\hosted\pub.dev\geolocator_android-4.6.2\android\build.gradle'.
Using default execution profile

> Configure project :image_picker_android
Evaluating project ':image_picker_android' using build file 'C:\Users\Utilisateur\AppData\Local\Pub\Cache\hosted\pub.dev\image_picker_android-0.8.13+14\android\build.gradle'.
Using default execution profile

> Configure project :mobile_scanner
Evaluating project ':mobile_scanner' using build file 'C:\Users\Utilisateur\AppData\Local\Pub\Cache\hosted\pub.dev\mobile_scanner-6.0.11\android\build.gradle'.
Using default execution profile
Using Kotlin Gradle Plugin gradle813 variant

> Configure project :onesignal_flutter
Evaluating project ':onesignal_flutter' using build file 'C:\Users\Utilisateur\AppData\Local\Pub\Cache\hosted\pub.dev\onesignal_flutter-5.4.2\android\build.gradle'.
Using default execution profile

> Configure project :path_provider_android
Evaluating project ':path_provider_android' using build file 'C:\Users\Utilisateur\AppData\Local\Pub\Cache\hosted\pub.dev\path_provider_android-2.2.22\android\build.gradle'.
Using default execution profile

> Configure project :permission_handler_android
Evaluating project ':permission_handler_android' using build file 'C:\Users\Utilisateur\AppData\Local\Pub\Cache\hosted\pub.dev\permission_handler_android-12.1.0\android\build.gradle'.
Using default execution profile

> Configure project :shared_preferences_android
Evaluating project ':shared_preferences_android' using build file 'C:\Users\Utilisateur\AppData\Local\Pub\Cache\hosted\pub.dev\shared_preferences_android-2.4.21\android\build.gradle'.
Using default execution profile
Using Kotlin Gradle Plugin gradle813 variant

> Configure project :sqflite_android
Evaluating project ':sqflite_android' using build file 'C:\Users\Utilisateur\AppData\Local\Pub\Cache\hosted\pub.dev\sqflite_android-2.4.2+2\android\build.gradle'.
Using default execution profile

> Configure project :url_launcher_android
Evaluating project ':url_launcher_android' using build file 'C:\Users\Utilisateur\AppData\Local\Pub\Cache\hosted\pub.dev\url_launcher_android-6.3.28\android\build.gradle'.
Using default execution profile

> Configure project :webview_flutter_android
Evaluating project ':webview_flutter_android' using build file 'C:\Users\Utilisateur\AppData\Local\Pub\Cache\hosted\pub.dev\webview_flutter_android-4.10.13\android\build.gradle'.
Using default execution profile
Using Kotlin Gradle Plugin gradle813 variant

> Configure project :yandex_maps_mapkit
Evaluating project ':yandex_maps_mapkit' using build file 'C:\Users\Utilisateur\AppData\Local\Pub\Cache\hosted\pub.dev\yandex_maps_mapkit-4.30.0-beta\android\build.gradle'.
Using default execution profile
Using Kotlin Gradle Plugin gradle813 variant
All projects evaluated.
Task name matched 'assembleDebug'
Selected primary task 'assembleDebug' from project :
Adding -Xuse-inline-scopes-numbers Kotlin compiler flag for task :app:compileDebugKotlin
Tasks to be executed: [task ':app:DebugMinSdkCheck', task ':app:preBuild', task ':app:preDebugBuild', task ':app:mergeDebugNativeDebugMetadata', task ':app:checkKotlinGradlePluginConfigurationErrors', task ':app:compileFlutterBuildDebug', task ':app:packJniLibsflutterBuildDebug', task ':flutter_plugin_android_lifecycle:preBuild', task ':flutter_plugin_android_lifecycle:preDebugBuild', task ':flutter_plugin_android_lifecycle:writeDebugAarMetadata', task ':flutter_secure_storage:preBuild', task ':flutter_secure_storage:preDebugBuild', task ':flutter_secure_storage:writeDebugAarMetadata', task ':geocoding_android:preBuild', task ':geocoding_android:preDebugBuild', task ':geocoding_android:writeDebugAarMetadata', task ':geolocator_android:preBuild', task ':geolocator_android:preDebugBuild', task ':geolocator_android:writeDebugAarMetadata', task ':image_picker_android:preBuild', task ':image_picker_android:preDebugBuild', task ':image_picker_android:writeDebugAarMetadata', task ':mobile_scanner:preBuild', task ':mobile_scanner:preDebugBuild', task ':mobile_scanner:writeDebugAarMetadata', task ':onesignal_flutter:preBuild', task ':onesignal_flutter:preDebugBuild', task ':onesignal_flutter:writeDebugAarMetadata', task ':path_provider_android:preBuild', task ':path_provider_android:preDebugBuild', task ':path_provider_android:writeDebugAarMetadata', task ':permission_handler_android:preBuild', task ':permission_handler_android:preDebugBuild', task ':permission_handler_android:writeDebugAarMetadata', task ':shared_preferences_android:preBuild', task ':shared_preferences_android:preDebugBuild', task ':shared_preferences_android:writeDebugAarMetadata', task ':sqflite_android:preBuild', task ':sqflite_android:preDebugBuild', task ':sqflite_android:writeDebugAarMetadata', task ':url_launcher_android:preBuild', task ':url_launcher_android:preDebugBuild', task ':url_launcher_android:writeDebugAarMetadata', task ':webview_flutter_android:preBuild', task ':webview_flutter_android:preDebugBuild', task ':webview_flutter_android:writeDebugAarMetadata', task ':yandex_maps_mapkit:preBuild', task ':yandex_maps_mapkit:preDebugBuild', task ':yandex_maps_mapkit:writeDebugAarMetadata', task ':app:checkDebugAarMetadata', task ':app:cleanMergeDebugAssets', task ':app:mergeDebugShaders', task ':app:compileDebugShaders', task ':app:generateDebugAssets', task ':flutter_plugin_android_lifecycle:mergeDebugShaders', task ':flutter_plugin_android_lifecycle:compileDebugShaders', task ':flutter_plugin_android_lifecycle:generateDebugAssets', task ':flutter_plugin_android_lifecycle:mergeDebugAssets', task ':flutter_secure_storage:mergeDebugShaders', task ':flutter_secure_storage:compileDebugShaders', task ':flutter_secure_storage:generateDebugAssets', task ':flutter_secure_storage:mergeDebugAssets', task ':geocoding_android:mergeDebugShaders', task ':geocoding_android:compileDebugShaders', task ':geocoding_android:generateDebugAssets', task ':geocoding_android:mergeDebugAssets', task ':geolocator_android:mergeDebugShaders', task ':geolocator_android:compileDebugShaders', task ':geolocator_android:generateDebugAssets', task ':geolocator_android:mergeDebugAssets', task ':image_picker_android:mergeDebugShaders', task ':image_picker_android:compileDebugShaders', task ':image_picker_android:generateDebugAssets', task ':image_picker_android:mergeDebugAssets', task ':mobile_scanner:mergeDebugShaders', task ':mobile_scanner:compileDebugShaders', task ':mobile_scanner:generateDebugAssets', task ':mobile_scanner:mergeDebugAssets', task ':onesignal_flutter:mergeDebugShaders', task ':onesignal_flutter:compileDebugShaders', task ':onesignal_flutter:generateDebugAssets', task ':onesignal_flutter:mergeDebugAssets', task ':path_provider_android:mergeDebugShaders', task ':path_provider_android:compileDebugShaders', task ':path_provider_android:generateDebugAssets', task ':path_provider_android:mergeDebugAssets', task ':permission_handler_android:mergeDebugShaders', task ':permission_handler_android:compileDebugShaders', task ':permission_handler_android:generateDebugAssets', task ':permission_handler_android:mergeDebugAssets', task ':shared_preferences_android:mergeDebugShaders', task ':shared_preferences_android:compileDebugShaders', task ':shared_preferences_android:generateDebugAssets', task ':shared_preferences_android:mergeDebugAssets', task ':sqflite_android:mergeDebugShaders', task ':sqflite_android:compileDebugShaders', task ':sqflite_android:generateDebugAssets', task ':sqflite_android:mergeDebugAssets', task ':url_launcher_android:mergeDebugShaders', task ':url_launcher_android:compileDebugShaders', task ':url_launcher_android:generateDebugAssets', task ':url_launcher_android:mergeDebugAssets', task ':webview_flutter_android:mergeDebugShaders', task ':webview_flutter_android:compileDebugShaders', task ':webview_flutter_android:generateDebugAssets', task ':webview_flutter_android:mergeDebugAssets', task ':yandex_maps_mapkit:mergeDebugShaders', task ':yandex_maps_mapkit:compileDebugShaders', task ':yandex_maps_mapkit:generateDebugAssets', task ':yandex_maps_mapkit:mergeDebugAssets', task ':app:mergeDebugAssets', task ':app:copyFlutterAssetsDebug', task ':app:generateDebugResValues', task ':flutter_plugin_android_lifecycle:generateDebugResValues', task ':flutter_plugin_android_lifecycle:generateDebugResources', task ':flutter_plugin_android_lifecycle:packageDebugResources', task ':flutter_secure_storage:generateDebugResValues', task ':flutter_secure_storage:generateDebugResources', task ':flutter_secure_storage:packageDebugResources', task ':geocoding_android:generateDebugResValues', task ':geocoding_android:generateDebugResources', task ':geocoding_android:packageDebugResources', task ':geolocator_android:generateDebugResValues', task ':geolocator_android:generateDebugResources', task ':geolocator_android:packageDebugResources', task ':image_picker_android:generateDebugResValues', task ':image_picker_android:generateDebugResources', task ':image_picker_android:packageDebugResources', task ':mobile_scanner:generateDebugResValues', task ':mobile_scanner:generateDebugResources', task ':mobile_scanner:packageDebugResources', task ':onesignal_flutter:generateDebugResValues', task ':onesignal_flutter:generateDebugResources', task ':onesignal_flutter:packageDebugResources', task ':path_provider_android:generateDebugResValues', task ':path_provider_android:generateDebugResources', task ':path_provider_android:packageDebugResources', task ':permission_handler_android:generateDebugResValues', task ':permission_handler_android:generateDebugResources', task ':permission_handler_android:packageDebugResources', task ':shared_preferences_android:generateDebugResValues', task ':shared_preferences_android:generateDebugResources', task ':shared_preferences_android:packageDebugResources', task ':sqflite_android:generateDebugResValues', task ':sqflite_android:generateDebugResources', task ':sqflite_android:packageDebugResources', task ':url_launcher_android:generateDebugResValues', task ':url_launcher_android:generateDebugResources', task ':url_launcher_android:packageDebugResources', task ':webview_flutter_android:generateDebugResValues', task ':webview_flutter_android:generateDebugResources', task ':webview_flutter_android:packageDebugResources', task ':yandex_maps_mapkit:generateDebugResValues', task ':yandex_maps_mapkit:generateDebugResources', task ':yandex_maps_mapkit:packageDebugResources', task ':app:mapDebugSourceSetPaths', task ':app:generateDebugResources', task ':app:mergeDebugResources', task ':app:packageDebugResources', task ':app:parseDebugLocalResources', task ':app:createDebugCompatibleScreenManifests', task ':app:extractDeepLinksDebug', task ':flutter_plugin_android_lifecycle:extractDeepLinksDebug', task ':flutter_plugin_android_lifecycle:processDebugManifest', task ':flutter_secure_storage:extractDeepLinksDebug', task ':flutter_secure_storage:processDebugManifest', task ':geocoding_android:extractDeepLinksDebug', task ':geocoding_android:processDebugManifest', task ':geolocator_android:extractDeepLinksDebug', task ':geolocator_android:processDebugManifest', task ':image_picker_android:extractDeepLinksDebug', task ':image_picker_android:processDebugManifest', task ':mobile_scanner:extractDeepLinksDebug', task ':mobile_scanner:processDebugManifest', task ':onesignal_flutter:extractDeepLinksDebug', task ':onesignal_flutter:processDebugManifest', task ':path_provider_android:extractDeepLinksDebug', task ':path_provider_android:processDebugManifest', task ':permission_handler_android:extractDeepLinksDebug', task ':permission_handler_android:processDebugManifest', task ':shared_preferences_android:extractDeepLinksDebug', task ':shared_preferences_android:processDebugManifest', task ':sqflite_android:extractDeepLinksDebug', task ':sqflite_android:processDebugManifest', task ':url_launcher_android:extractDeepLinksDebug', task ':url_launcher_android:processDebugManifest', task ':webview_flutter_android:extractDeepLinksDebug', task ':webview_flutter_android:processDebugManifest', task ':yandex_maps_mapkit:extractDeepLinksDebug', task ':yandex_maps_mapkit:processDebugManifest', task ':app:processDebugMainManifest', task ':app:outputDebugAppLinkSettings', task ':app:processDebugManifest', task ':app:processDebugManifestForPackage', task ':flutter_plugin_android_lifecycle:compileDebugLibraryResources', task ':flutter_plugin_android_lifecycle:parseDebugLocalResources', task ':flutter_plugin_android_lifecycle:generateDebugRFile', task ':flutter_secure_storage:compileDebugLibraryResources', task ':flutter_secure_storage:parseDebugLocalResources', task ':flutter_secure_storage:generateDebugRFile', task ':geocoding_android:compileDebugLibraryResources', task ':geocoding_android:parseDebugLocalResources', task ':geocoding_android:generateDebugRFile', task ':geolocator_android:compileDebugLibraryResources', task ':geolocator_android:parseDebugLocalResources', task ':geolocator_android:generateDebugRFile', task ':image_picker_android:compileDebugLibraryResources', task ':image_picker_android:parseDebugLocalResources', task ':image_picker_android:generateDebugRFile', task ':mobile_scanner:compileDebugLibraryResources', task ':mobile_scanner:parseDebugLocalResources', task ':mobile_scanner:generateDebugRFile', task ':onesignal_flutter:compileDebugLibraryResources', task ':onesignal_flutter:parseDebugLocalResources', task ':onesignal_flutter:generateDebugRFile', task ':path_provider_android:compileDebugLibraryResources', task ':path_provider_android:parseDebugLocalResources', task ':path_provider_android:generateDebugRFile', task ':permission_handler_android:compileDebugLibraryResources', task ':permission_handler_android:parseDebugLocalResources', task ':permission_handler_android:generateDebugRFile', task ':shared_preferences_android:compileDebugLibraryResources', task ':shared_preferences_android:parseDebugLocalResources', task ':shared_preferences_android:generateDebugRFile', task ':sqflite_android:compileDebugLibraryResources', task ':sqflite_android:parseDebugLocalResources', task ':sqflite_android:generateDebugRFile', task ':url_launcher_android:compileDebugLibraryResources', task ':url_launcher_android:parseDebugLocalResources', task ':url_launcher_android:generateDebugRFile', task ':webview_flutter_android:compileDebugLibraryResources', task ':webview_flutter_android:parseDebugLocalResources', task ':webview_flutter_android:generateDebugRFile', task ':yandex_maps_mapkit:compileDebugLibraryResources', task ':yandex_maps_mapkit:parseDebugLocalResources', task ':yandex_maps_mapkit:generateDebugRFile', task ':app:processDebugResources', task ':flutter_plugin_android_lifecycle:javaPreCompileDebug', task ':flutter_plugin_android_lifecycle:compileDebugJavaWithJavac', task ':flutter_plugin_android_lifecycle:bundleLibCompileToJarDebug', task ':flutter_secure_storage:generateDebugBuildConfig', task ':flutter_secure_storage:javaPreCompileDebug', task ':flutter_secure_storage:compileDebugJavaWithJavac', task ':flutter_secure_storage:bundleLibCompileToJarDebug', task ':geocoding_android:javaPreCompileDebug', task ':geocoding_android:compileDebugJavaWithJavac', task ':geocoding_android:bundleLibCompileToJarDebug', task ':geolocator_android:javaPreCompileDebug', task ':geolocator_android:compileDebugJavaWithJavac', task ':geolocator_android:bundleLibCompileToJarDebug', task ':image_picker_android:javaPreCompileDebug', task ':image_picker_android:compileDebugJavaWithJavac', task ':image_picker_android:bundleLibCompileToJarDebug', task ':mobile_scanner:checkKotlinGradlePluginConfigurationErrors', task ':mobile_scanner:compileDebugKotlin', task ':mobile_scanner:javaPreCompileDebug', task ':mobile_scanner:compileDebugJavaWithJavac', task ':mobile_scanner:bundleLibCompileToJarDebug', task ':onesignal_flutter:javaPreCompileDebug', task ':onesignal_flutter:compileDebugJavaWithJavac', task ':onesignal_flutter:bundleLibCompileToJarDebug', task ':path_provider_android:javaPreCompileDebug', task ':path_provider_android:compileDebugJavaWithJavac', task ':path_provider_android:bundleLibCompileToJarDebug', task ':permission_handler_android:javaPreCompileDebug', task ':permission_handler_android:compileDebugJavaWithJavac', task ':permission_handler_android:bundleLibCompileToJarDebug', task ':shared_preferences_android:checkKotlinGradlePluginConfigurationErrors', task ':shared_preferences_android:compileDebugKotlin', task ':shared_preferences_android:javaPreCompileDebug', task ':shared_preferences_android:compileDebugJavaWithJavac', task ':shared_preferences_android:bundleLibCompileToJarDebug', task ':sqflite_android:javaPreCompileDebug', task ':sqflite_android:compileDebugJavaWithJavac', task ':sqflite_android:bundleLibCompileToJarDebug', task ':url_launcher_android:generateDebugBuildConfig', task ':url_launcher_android:javaPreCompileDebug', task ':url_launcher_android:compileDebugJavaWithJavac', task ':url_launcher_android:bundleLibCompileToJarDebug', task ':webview_flutter_android:checkKotlinGradlePluginConfigurationErrors', task ':webview_flutter_android:compileDebugKotlin', task ':webview_flutter_android:javaPreCompileDebug', task ':webview_flutter_android:compileDebugJavaWithJavac', task ':webview_flutter_android:bundleLibCompileToJarDebug', task ':yandex_maps_mapkit:checkKotlinGradlePluginConfigurationErrors', task ':yandex_maps_mapkit:compileDebugKotlin', task ':yandex_maps_mapkit:javaPreCompileDebug', task ':yandex_maps_mapkit:compileDebugJavaWithJavac', task ':yandex_maps_mapkit:bundleLibCompileToJarDebug', task ':app:compileDebugKotlin', task ':app:javaPreCompileDebug', task ':app:compileDebugJavaWithJavac', task ':app:compressDebugAssets', task ':image_picker_android:bundleLibRuntimeToJarDebug', task ':yandex_maps_mapkit:bundleLibRuntimeToJarDebug', task ':flutter_plugin_android_lifecycle:bundleLibRuntimeToJarDebug', task ':flutter_secure_storage:bundleLibRuntimeToJarDebug', task ':geocoding_android:bundleLibRuntimeToJarDebug', task ':geolocator_android:bundleLibRuntimeToJarDebug', task ':mobile_scanner:bundleLibRuntimeToJarDebug', task ':onesignal_flutter:bundleLibRuntimeToJarDebug', task ':path_provider_android:bundleLibRuntimeToJarDebug', task ':permission_handler_android:bundleLibRuntimeToJarDebug', task ':shared_preferences_android:bundleLibRuntimeToJarDebug', task ':sqflite_android:bundleLibRuntimeToJarDebug', task ':url_launcher_android:bundleLibRuntimeToJarDebug', task ':webview_flutter_android:bundleLibRuntimeToJarDebug', task ':app:desugarDebugFileDependencies', task ':app:dexBuilderDebug', task ':app:mergeDebugGlobalSynthetics', task ':app:processDebugJavaRes', task ':flutter_plugin_android_lifecycle:processDebugJavaRes', task ':flutter_secure_storage:processDebugJavaRes', task ':geocoding_android:processDebugJavaRes', task ':geolocator_android:processDebugJavaRes', task ':image_picker_android:processDebugJavaRes', task ':mobile_scanner:processDebugJavaRes', task ':onesignal_flutter:processDebugJavaRes', task ':path_provider_android:processDebugJavaRes', task ':permission_handler_android:processDebugJavaRes', task ':shared_preferences_android:processDebugJavaRes', task ':sqflite_android:processDebugJavaRes', task ':url_launcher_android:processDebugJavaRes', task ':webview_flutter_android:processDebugJavaRes', task ':yandex_maps_mapkit:processDebugJavaRes', task ':app:mergeDebugJavaResource', task ':app:checkDebugDuplicateClasses', task ':app:mergeExtDexDebug', task ':image_picker_android:bundleLibRuntimeToDirDebug', task ':yandex_maps_mapkit:bundleLibRuntimeToDirDebug', task ':flutter_plugin_android_lifecycle:bundleLibRuntimeToDirDebug', task ':flutter_secure_storage:bundleLibRuntimeToDirDebug', task ':geocoding_android:bundleLibRuntimeToDirDebug', task ':geolocator_android:bundleLibRuntimeToDirDebug', task ':mobile_scanner:bundleLibRuntimeToDirDebug', task ':onesignal_flutter:bundleLibRuntimeToDirDebug', task ':path_provider_android:bundleLibRuntimeToDirDebug', task ':permission_handler_android:bundleLibRuntimeToDirDebug', task ':shared_preferences_android:bundleLibRuntimeToDirDebug', task ':sqflite_android:bundleLibRuntimeToDirDebug', task ':url_launcher_android:bundleLibRuntimeToDirDebug', task ':webview_flutter_android:bundleLibRuntimeToDirDebug', task ':app:mergeLibDexDebug', task ':app:mergeProjectDexDebug', task ':app:configureCMakeDebug[arm64-v8a]', task ':app:buildCMakeDebug[arm64-v8a]', task ':app:configureCMakeDebug[armeabi-v7a]', task ':app:buildCMakeDebug[armeabi-v7a]', task ':app:configureCMakeDebug[x86_64]', task ':app:buildCMakeDebug[x86_64]', task ':app:mergeDebugJniLibFolders', task ':flutter_plugin_android_lifecycle:mergeDebugJniLibFolders', task ':flutter_plugin_android_lifecycle:mergeDebugNativeLibs', task ':flutter_plugin_android_lifecycle:copyDebugJniLibsProjectOnly', task ':flutter_secure_storage:mergeDebugJniLibFolders', task ':flutter_secure_storage:mergeDebugNativeLibs', task ':flutter_secure_storage:copyDebugJniLibsProjectOnly', task ':geocoding_android:mergeDebugJniLibFolders', task ':geocoding_android:mergeDebugNativeLibs', task ':geocoding_android:copyDebugJniLibsProjectOnly', task ':geolocator_android:mergeDebugJniLibFolders', task ':geolocator_android:mergeDebugNativeLibs', task ':geolocator_android:copyDebugJniLibsProjectOnly', task ':image_picker_android:mergeDebugJniLibFolders', task ':image_picker_android:mergeDebugNativeLibs', task ':image_picker_android:copyDebugJniLibsProjectOnly', task ':mobile_scanner:mergeDebugJniLibFolders', task ':mobile_scanner:mergeDebugNativeLibs', task ':mobile_scanner:copyDebugJniLibsProjectOnly', task ':onesignal_flutter:mergeDebugJniLibFolders', task ':onesignal_flutter:mergeDebugNativeLibs', task ':onesignal_flutter:copyDebugJniLibsProjectOnly', task ':path_provider_android:mergeDebugJniLibFolders', task ':path_provider_android:mergeDebugNativeLibs', task ':path_provider_android:copyDebugJniLibsProjectOnly', task ':permission_handler_android:mergeDebugJniLibFolders', task ':permission_handler_android:mergeDebugNativeLibs', task ':permission_handler_android:copyDebugJniLibsProjectOnly', task ':shared_preferences_android:mergeDebugJniLibFolders', task ':shared_preferences_android:mergeDebugNativeLibs', task ':shared_preferences_android:copyDebugJniLibsProjectOnly', task ':sqflite_android:mergeDebugJniLibFolders', task ':sqflite_android:mergeDebugNativeLibs', task ':sqflite_android:copyDebugJniLibsProjectOnly', task ':url_launcher_android:mergeDebugJniLibFolders', task ':url_launcher_android:mergeDebugNativeLibs', task ':url_launcher_android:copyDebugJniLibsProjectOnly', task ':webview_flutter_android:mergeDebugJniLibFolders', task ':webview_flutter_android:mergeDebugNativeLibs', task ':webview_flutter_android:copyDebugJniLibsProjectOnly', task ':yandex_maps_mapkit:mergeDebugJniLibFolders', task ':yandex_maps_mapkit:mergeDebugNativeLibs', task ':yandex_maps_mapkit:copyDebugJniLibsProjectOnly', task ':app:mergeDebugNativeLibs', task ':app:stripDebugDebugSymbols', task ':app:validateSigningDebug', task ':app:writeDebugAppMetadata', task ':app:writeDebugSigningConfigVersions', task ':app:packageDebug', task ':app:createDebugApkListingFileRedirect', task ':app:assembleDebug', task ':flutter_plugin_android_lifecycle:stripDebugDebugSymbols', task ':flutter_plugin_android_lifecycle:copyDebugJniLibsProjectAndLocalJars', task ':flutter_plugin_android_lifecycle:extractDebugAnnotations', task ':flutter_plugin_android_lifecycle:extractDeepLinksForAarDebug', task ':flutter_plugin_android_lifecycle:mergeDebugGeneratedProguardFiles', task ':flutter_plugin_android_lifecycle:mergeDebugConsumerProguardFiles', task ':flutter_plugin_android_lifecycle:prepareDebugArtProfile', task ':flutter_plugin_android_lifecycle:prepareLintJarForPublish', task ':flutter_plugin_android_lifecycle:mergeDebugJavaResource', task ':flutter_plugin_android_lifecycle:syncDebugLibJars', task ':flutter_plugin_android_lifecycle:bundleDebugAar', task ':flutter_plugin_android_lifecycle:assembleDebug', task ':flutter_secure_storage:stripDebugDebugSymbols', task ':flutter_secure_storage:copyDebugJniLibsProjectAndLocalJars', task ':flutter_secure_storage:extractDebugAnnotations', task ':flutter_secure_storage:extractDeepLinksForAarDebug', task ':flutter_secure_storage:mergeDebugGeneratedProguardFiles', task ':flutter_secure_storage:mergeDebugConsumerProguardFiles', task ':flutter_secure_storage:prepareDebugArtProfile', task ':flutter_secure_storage:prepareLintJarForPublish', task ':flutter_secure_storage:mergeDebugJavaResource', task ':flutter_secure_storage:syncDebugLibJars', task ':flutter_secure_storage:bundleDebugAar', task ':flutter_secure_storage:assembleDebug', task ':geocoding_android:stripDebugDebugSymbols', task ':geocoding_android:copyDebugJniLibsProjectAndLocalJars', task ':geocoding_android:extractDebugAnnotations', task ':geocoding_android:extractDeepLinksForAarDebug', task ':geocoding_android:mergeDebugGeneratedProguardFiles', task ':geocoding_android:mergeDebugConsumerProguardFiles', task ':geocoding_android:prepareDebugArtProfile', task ':geocoding_android:prepareLintJarForPublish', task ':geocoding_android:mergeDebugJavaResource', task ':geocoding_android:syncDebugLibJars', task ':geocoding_android:bundleDebugAar', task ':geocoding_android:assembleDebug', task ':geolocator_android:stripDebugDebugSymbols', task ':geolocator_android:copyDebugJniLibsProjectAndLocalJars', task ':geolocator_android:extractDebugAnnotations', task ':geolocator_android:extractDeepLinksForAarDebug', task ':geolocator_android:mergeDebugGeneratedProguardFiles', task ':geolocator_android:mergeDebugConsumerProguardFiles', task ':geolocator_android:prepareDebugArtProfile', task ':geolocator_android:prepareLintJarForPublish', task ':geolocator_android:mergeDebugJavaResource', task ':geolocator_android:syncDebugLibJars', task ':geolocator_android:bundleDebugAar', task ':geolocator_android:assembleDebug', task ':image_picker_android:stripDebugDebugSymbols', task ':image_picker_android:copyDebugJniLibsProjectAndLocalJars', task ':image_picker_android:extractDebugAnnotations', task ':image_picker_android:extractDeepLinksForAarDebug', task ':image_picker_android:mergeDebugGeneratedProguardFiles', task ':image_picker_android:mergeDebugConsumerProguardFiles', task ':image_picker_android:prepareDebugArtProfile', task ':image_picker_android:prepareLintJarForPublish', task ':image_picker_android:mergeDebugJavaResource', task ':image_picker_android:syncDebugLibJars', task ':image_picker_android:bundleDebugAar', task ':image_picker_android:assembleDebug', task ':mobile_scanner:stripDebugDebugSymbols', task ':mobile_scanner:copyDebugJniLibsProjectAndLocalJars', task ':mobile_scanner:extractDebugAnnotations', task ':mobile_scanner:extractDeepLinksForAarDebug', task ':mobile_scanner:mergeDebugGeneratedProguardFiles', task ':mobile_scanner:mergeDebugConsumerProguardFiles', task ':mobile_scanner:prepareDebugArtProfile', task ':mobile_scanner:prepareLintJarForPublish', task ':mobile_scanner:mergeDebugJavaResource', task ':mobile_scanner:syncDebugLibJars', task ':mobile_scanner:bundleDebugAar', task ':mobile_scanner:assembleDebug', task ':onesignal_flutter:stripDebugDebugSymbols', task ':onesignal_flutter:copyDebugJniLibsProjectAndLocalJars', task ':onesignal_flutter:extractDebugAnnotations', task ':onesignal_flutter:extractDeepLinksForAarDebug', task ':onesignal_flutter:mergeDebugGeneratedProguardFiles', task ':onesignal_flutter:mergeDebugConsumerProguardFiles', task ':onesignal_flutter:prepareDebugArtProfile', task ':onesignal_flutter:prepareLintJarForPublish', task ':onesignal_flutter:mergeDebugJavaResource', task ':onesignal_flutter:syncDebugLibJars', task ':onesignal_flutter:bundleDebugAar', task ':onesignal_flutter:assembleDebug', task ':path_provider_android:stripDebugDebugSymbols', task ':path_provider_android:copyDebugJniLibsProjectAndLocalJars', task ':path_provider_android:extractDebugAnnotations', task ':path_provider_android:extractDeepLinksForAarDebug', task ':path_provider_android:mergeDebugGeneratedProguardFiles', task ':path_provider_android:mergeDebugConsumerProguardFiles', task ':path_provider_android:prepareDebugArtProfile', task ':path_provider_android:prepareLintJarForPublish', task ':path_provider_android:mergeDebugJavaResource', task ':path_provider_android:syncDebugLibJars', task ':path_provider_android:bundleDebugAar', task ':path_provider_android:assembleDebug', task ':permission_handler_android:stripDebugDebugSymbols', task ':permission_handler_android:copyDebugJniLibsProjectAndLocalJars', task ':permission_handler_android:extractDebugAnnotations', task ':permission_handler_android:extractDeepLinksForAarDebug', task ':permission_handler_android:mergeDebugGeneratedProguardFiles', task ':permission_handler_android:mergeDebugConsumerProguardFiles', task ':permission_handler_android:prepareDebugArtProfile', task ':permission_handler_android:prepareLintJarForPublish', task ':permission_handler_android:mergeDebugJavaResource', task ':permission_handler_android:syncDebugLibJars', task ':permission_handler_android:bundleDebugAar', task ':permission_handler_android:assembleDebug', task ':shared_preferences_android:stripDebugDebugSymbols', task ':shared_preferences_android:copyDebugJniLibsProjectAndLocalJars', task ':shared_preferences_android:extractDebugAnnotations', task ':shared_preferences_android:extractDeepLinksForAarDebug', task ':shared_preferences_android:mergeDebugGeneratedProguardFiles', task ':shared_preferences_android:mergeDebugConsumerProguardFiles', task ':shared_preferences_android:prepareDebugArtProfile', task ':shared_preferences_android:prepareLintJarForPublish', task ':shared_preferences_android:mergeDebugJavaResource', task ':shared_preferences_android:syncDebugLibJars', task ':shared_preferences_android:bundleDebugAar', task ':shared_preferences_android:assembleDebug', task ':sqflite_android:stripDebugDebugSymbols', task ':sqflite_android:copyDebugJniLibsProjectAndLocalJars', task ':sqflite_android:extractDebugAnnotations', task ':sqflite_android:extractDeepLinksForAarDebug', task ':sqflite_android:mergeDebugGeneratedProguardFiles', task ':sqflite_android:mergeDebugConsumerProguardFiles', task ':sqflite_android:prepareDebugArtProfile', task ':sqflite_android:prepareLintJarForPublish', task ':sqflite_android:mergeDebugJavaResource', task ':sqflite_android:syncDebugLibJars', task ':sqflite_android:bundleDebugAar', task ':sqflite_android:assembleDebug', task ':url_launcher_android:stripDebugDebugSymbols', task ':url_launcher_android:copyDebugJniLibsProjectAndLocalJars', task ':url_launcher_android:extractDebugAnnotations', task ':url_launcher_android:extractDeepLinksForAarDebug', task ':url_launcher_android:mergeDebugGeneratedProguardFiles', task ':url_launcher_android:mergeDebugConsumerProguardFiles', task ':url_launcher_android:prepareDebugArtProfile', task ':url_launcher_android:prepareLintJarForPublish', task ':url_launcher_android:mergeDebugJavaResource', task ':url_launcher_android:syncDebugLibJars', task ':url_launcher_android:bundleDebugAar', task ':url_launcher_android:assembleDebug', task ':webview_flutter_android:stripDebugDebugSymbols', task ':webview_flutter_android:copyDebugJniLibsProjectAndLocalJars', task ':webview_flutter_android:extractDebugAnnotations', task ':webview_flutter_android:extractDeepLinksForAarDebug', task ':webview_flutter_android:mergeDebugGeneratedProguardFiles', task ':webview_flutter_android:mergeDebugConsumerProguardFiles', task ':webview_flutter_android:prepareDebugArtProfile', task ':webview_flutter_android:prepareLintJarForPublish', task ':webview_flutter_android:mergeDebugJavaResource', task ':webview_flutter_android:syncDebugLibJars', task ':webview_flutter_android:bundleDebugAar', task ':webview_flutter_android:assembleDebug', task ':yandex_maps_mapkit:stripDebugDebugSymbols', task ':yandex_maps_mapkit:copyDebugJniLibsProjectAndLocalJars', task ':yandex_maps_mapkit:extractDebugAnnotations', task ':yandex_maps_mapkit:extractDeepLinksForAarDebug', task ':yandex_maps_mapkit:mergeDebugGeneratedProguardFiles', task ':yandex_maps_mapkit:mergeDebugConsumerProguardFiles', task ':yandex_maps_mapkit:prepareDebugArtProfile', task ':yandex_maps_mapkit:prepareLintJarForPublish', task ':yandex_maps_mapkit:mergeDebugJavaResource', task ':yandex_maps_mapkit:syncDebugLibJars', task ':yandex_maps_mapkit:bundleDebugAar', task ':yandex_maps_mapkit:assembleDebug']
Tasks that were excluded: []
work action Parameters of IdentityTransform (Thread[#94,Execution worker Thread 2,5,main]) started.
work action Parameters of DexingNoClasspathTransform (Thread[#94,Execution worker Thread 2,5,main]) started.
work action Parameters of DexingOutputSplitTransform (Thread[#94,Execution worker Thread 2,5,main]) started.
work action Parameters of ClassesDirToClassesTransform (Thread[#94,Execution worker Thread 2,5,main]) started.
work action Parameters of DexingOutputSplitTransform (Thread[#94,Execution worker Thread 2,5,main]) started.
Resolve mutations for :app:DebugMinSdkCheck (Thread[#94,Execution worker Thread 2,5,main]) started.
:app:DebugMinSdkCheck (Thread[#94,Execution worker Thread 2,5,main]) started.

> Task :app:DebugMinSdkCheck
Caching disabled for task ':app:DebugMinSdkCheck' because:
  Build cache is disabled
Task ':app:DebugMinSdkCheck' is not up-to-date because:
  Task has not declared any outputs despite executing actions.
Resolve mutations for :app:preBuild (Thread[#94,Execution worker Thread 2,5,main]) started.
:app:preBuild (Thread[#94,Execution worker Thread 2,5,main]) started.

> Task :app:preBuild UP-TO-DATE
Skipping task ':app:preBuild' as it has no actions.
Resolve mutations for :app:preDebugBuild (Thread[#94,Execution worker Thread 2,5,main]) started.
:app:preDebugBuild (Thread[#102,Execution worker Thread 10,5,main]) started.

> Task :app:preDebugBuild UP-TO-DATE
Skipping task ':app:preDebugBuild' as it has no actions.
Resolve mutations for :app:mergeDebugNativeDebugMetadata (Thread[#102,Execution worker Thread 10,5,main]) started.
:app:mergeDebugNativeDebugMetadata (Thread[#102,Execution worker Thread 10,5,main]) started.

> Task :app:mergeDebugNativeDebugMetadata NO-SOURCE
Skipping task ':app:mergeDebugNativeDebugMetadata' as it has no source files and no previous output files.
Resolve mutations for :app:checkKotlinGradlePluginConfigurationErrors (Thread[#102,Execution worker Thread 10,5,main]) started.
:app:checkKotlinGradlePluginConfigurationErrors (Thread[#97,Execution worker Thread 5,5,main]) started.

> Task :app:checkKotlinGradlePluginConfigurationErrors SKIPPED
Skipping task ':app:checkKotlinGradlePluginConfigurationErrors' as task onlyIf 'errorDiagnostics are present' is false.
Resolve mutations for :app:compileFlutterBuildDebug (Thread[#97,Execution worker Thread 5,5,main]) started.
:app:compileFlutterBuildDebug (Thread[#97,Execution worker Thread 5,5,main]) started.

> Task :app:compileFlutterBuildDebug UP-TO-DATE
Caching disabled for task ':app:compileFlutterBuildDebug' because:
  Build cache is disabled
  Caching has not been enabled for the task
Skipping task ':app:compileFlutterBuildDebug' as it is up-to-date.
Resolve mutations for :app:packJniLibsflutterBuildDebug (Thread[#97,Execution worker Thread 5,5,main]) started.
:app:packJniLibsflutterBuildDebug (Thread[#97,Execution worker Thread 5,5,main]) started.

> Task :app:packJniLibsflutterBuildDebug UP-TO-DATE
Caching disabled for task ':app:packJniLibsflutterBuildDebug' because:
  Build cache is disabled
  Not worth caching
Skipping task ':app:packJniLibsflutterBuildDebug' as it is up-to-date.
Resolve mutations for :flutter_plugin_android_lifecycle:preBuild (Thread[#97,Execution worker Thread 5,5,main]) started.
:flutter_plugin_android_lifecycle:preBuild (Thread[#93,Execution worker,5,main]) started.

> Task :flutter_plugin_android_lifecycle:preBuild UP-TO-DATE
Skipping task ':flutter_plugin_android_lifecycle:preBuild' as it has no actions.
Resolve mutations for :flutter_plugin_android_lifecycle:preDebugBuild (Thread[#93,Execution worker,5,main]) started.
:flutter_plugin_android_lifecycle:preDebugBuild (Thread[#93,Execution worker,5,main]) started.

> Task :flutter_plugin_android_lifecycle:preDebugBuild UP-TO-DATE
Skipping task ':flutter_plugin_android_lifecycle:preDebugBuild' as it has no actions.
Resolve mutations for :flutter_plugin_android_lifecycle:writeDebugAarMetadata (Thread[#93,Execution worker,5,main]) started.
:flutter_plugin_android_lifecycle:writeDebugAarMetadata (Thread[#93,Execution worker,5,main]) started.

> Task :flutter_plugin_android_lifecycle:writeDebugAarMetadata UP-TO-DATE
Caching disabled for task ':flutter_plugin_android_lifecycle:writeDebugAarMetadata' because:
  Build cache is disabled
  Caching has been disabled for the task
Skipping task ':flutter_plugin_android_lifecycle:writeDebugAarMetadata' as it is up-to-date.
work action resolve aar-metadata.properties (project :flutter_plugin_android_lifecycle) (Thread[#93,Execution worker,5,main]) started.
Resolve mutations for :flutter_secure_storage:preBuild (Thread[#93,Execution worker,5,main]) started.
:flutter_secure_storage:preBuild (Thread[#93,Execution worker,5,main]) started.

> Task :flutter_secure_storage:preBuild UP-TO-DATE
Skipping task ':flutter_secure_storage:preBuild' as it has no actions.
Resolve mutations for :flutter_secure_storage:preDebugBuild (Thread[#93,Execution worker,5,main]) started.
:flutter_secure_storage:preDebugBuild (Thread[#93,Execution worker,5,main]) started.

> Task :flutter_secure_storage:preDebugBuild UP-TO-DATE
Skipping task ':flutter_secure_storage:preDebugBuild' as it has no actions.
Resolve mutations for :flutter_secure_storage:writeDebugAarMetadata (Thread[#93,Execution worker,5,main]) started.
:flutter_secure_storage:writeDebugAarMetadata (Thread[#93,Execution worker,5,main]) started.

> Task :flutter_secure_storage:writeDebugAarMetadata UP-TO-DATE
Caching disabled for task ':flutter_secure_storage:writeDebugAarMetadata' because:
  Build cache is disabled
  Caching has been disabled for the task
Skipping task ':flutter_secure_storage:writeDebugAarMetadata' as it is up-to-date.
work action resolve aar-metadata.properties (project :flutter_secure_storage) (Thread[#93,Execution worker,5,main]) started.
Resolve mutations for :geocoding_android:preBuild (Thread[#93,Execution worker,5,main]) started.
:geocoding_android:preBuild (Thread[#93,Execution worker,5,main]) started.

> Task :geocoding_android:preBuild UP-TO-DATE
Skipping task ':geocoding_android:preBuild' as it has no actions.
Resolve mutations for :geocoding_android:preDebugBuild (Thread[#93,Execution worker,5,main]) started.
:geocoding_android:preDebugBuild (Thread[#93,Execution worker,5,main]) started.

> Task :geocoding_android:preDebugBuild UP-TO-DATE
Skipping task ':geocoding_android:preDebugBuild' as it has no actions.
Resolve mutations for :geocoding_android:writeDebugAarMetadata (Thread[#93,Execution worker,5,main]) started.
:geocoding_android:writeDebugAarMetadata (Thread[#93,Execution worker,5,main]) started.

> Task :geocoding_android:writeDebugAarMetadata UP-TO-DATE
Caching disabled for task ':geocoding_android:writeDebugAarMetadata' because:
  Build cache is disabled
  Caching has been disabled for the task
Skipping task ':geocoding_android:writeDebugAarMetadata' as it is up-to-date.
work action resolve aar-metadata.properties (project :geocoding_android) (Thread[#93,Execution worker,5,main]) started.
Resolve mutations for :geolocator_android:preBuild (Thread[#93,Execution worker,5,main]) started.
:geolocator_android:preBuild (Thread[#93,Execution worker,5,main]) started.

> Task :geolocator_android:preBuild UP-TO-DATE
Skipping task ':geolocator_android:preBuild' as it has no actions.
Resolve mutations for :geolocator_android:preDebugBuild (Thread[#93,Execution worker,5,main]) started.
:geolocator_android:preDebugBuild (Thread[#93,Execution worker,5,main]) started.

> Task :geolocator_android:preDebugBuild UP-TO-DATE
Skipping task ':geolocator_android:preDebugBuild' as it has no actions.
Resolve mutations for :geolocator_android:writeDebugAarMetadata (Thread[#93,Execution worker,5,main]) started.
:geolocator_android:writeDebugAarMetadata (Thread[#93,Execution worker,5,main]) started.

> Task :geolocator_android:writeDebugAarMetadata UP-TO-DATE
Caching disabled for task ':geolocator_android:writeDebugAarMetadata' because:
  Build cache is disabled
  Caching has been disabled for the task
Skipping task ':geolocator_android:writeDebugAarMetadata' as it is up-to-date.
work action resolve aar-metadata.properties (project :geolocator_android) (Thread[#93,Execution worker,5,main]) started.
Resolve mutations for :image_picker_android:preBuild (Thread[#93,Execution worker,5,main]) started.
:image_picker_android:preBuild (Thread[#93,Execution worker,5,main]) started.

> Task :image_picker_android:preBuild UP-TO-DATE
Skipping task ':image_picker_android:preBuild' as it has no actions.
Resolve mutations for :image_picker_android:preDebugBuild (Thread[#93,Execution worker,5,main]) started.
:image_picker_android:preDebugBuild (Thread[#93,Execution worker,5,main]) started.

> Task :image_picker_android:preDebugBuild UP-TO-DATE
Skipping task ':image_picker_android:preDebugBuild' as it has no actions.
Resolve mutations for :image_picker_android:writeDebugAarMetadata (Thread[#93,Execution worker,5,main]) started.
:image_picker_android:writeDebugAarMetadata (Thread[#93,Execution worker,5,main]) started.

> Task :image_picker_android:writeDebugAarMetadata UP-TO-DATE
Caching disabled for task ':image_picker_android:writeDebugAarMetadata' because:
  Build cache is disabled
  Caching has been disabled for the task
Skipping task ':image_picker_android:writeDebugAarMetadata' as it is up-to-date.
work action resolve aar-metadata.properties (project :image_picker_android) (Thread[#93,Execution worker,5,main]) started.
Resolve mutations for :mobile_scanner:preBuild (Thread[#93,Execution worker,5,main]) started.
:mobile_scanner:preBuild (Thread[#93,Execution worker,5,main]) started.

> Task :mobile_scanner:preBuild UP-TO-DATE
Skipping task ':mobile_scanner:preBuild' as it has no actions.
Resolve mutations for :mobile_scanner:preDebugBuild (Thread[#93,Execution worker,5,main]) started.
:mobile_scanner:preDebugBuild (Thread[#93,Execution worker,5,main]) started.

> Task :mobile_scanner:preDebugBuild UP-TO-DATE
Skipping task ':mobile_scanner:preDebugBuild' as it has no actions.
Resolve mutations for :mobile_scanner:writeDebugAarMetadata (Thread[#93,Execution worker,5,main]) started.
:mobile_scanner:writeDebugAarMetadata (Thread[#93,Execution worker,5,main]) started.

> Task :mobile_scanner:writeDebugAarMetadata UP-TO-DATE
Caching disabled for task ':mobile_scanner:writeDebugAarMetadata' because:
  Build cache is disabled
  Caching has been disabled for the task
Skipping task ':mobile_scanner:writeDebugAarMetadata' as it is up-to-date.
work action resolve aar-metadata.properties (project :mobile_scanner) (Thread[#93,Execution worker,5,main]) started.
Resolve mutations for :onesignal_flutter:preBuild (Thread[#93,Execution worker,5,main]) started.
:onesignal_flutter:preBuild (Thread[#93,Execution worker,5,main]) started.

> Task :onesignal_flutter:preBuild UP-TO-DATE
Skipping task ':onesignal_flutter:preBuild' as it has no actions.
Resolve mutations for :onesignal_flutter:preDebugBuild (Thread[#93,Execution worker,5,main]) started.
:onesignal_flutter:preDebugBuild (Thread[#93,Execution worker,5,main]) started.

> Task :onesignal_flutter:preDebugBuild UP-TO-DATE
Skipping task ':onesignal_flutter:preDebugBuild' as it has no actions.
Resolve mutations for :onesignal_flutter:writeDebugAarMetadata (Thread[#93,Execution worker,5,main]) started.
:onesignal_flutter:writeDebugAarMetadata (Thread[#96,Execution worker Thread 4,5,main]) started.

> Task :onesignal_flutter:writeDebugAarMetadata UP-TO-DATE
Caching disabled for task ':onesignal_flutter:writeDebugAarMetadata' because:
  Build cache is disabled
  Caching has been disabled for the task
Skipping task ':onesignal_flutter:writeDebugAarMetadata' as it is up-to-date.
work action resolve aar-metadata.properties (project :onesignal_flutter) (Thread[#96,Execution worker Thread 4,5,main]) started.
Resolve mutations for :path_provider_android:preBuild (Thread[#96,Execution worker Thread 4,5,main]) started.
:path_provider_android:preBuild (Thread[#96,Execution worker Thread 4,5,main]) started.

> Task :path_provider_android:preBuild UP-TO-DATE
Skipping task ':path_provider_android:preBuild' as it has no actions.
Resolve mutations for :path_provider_android:preDebugBuild (Thread[#96,Execution worker Thread 4,5,main]) started.
:path_provider_android:preDebugBuild (Thread[#96,Execution worker Thread 4,5,main]) started.

> Task :path_provider_android:preDebugBuild UP-TO-DATE
Skipping task ':path_provider_android:preDebugBuild' as it has no actions.
Resolve mutations for :path_provider_android:writeDebugAarMetadata (Thread[#96,Execution worker Thread 4,5,main]) started.
:path_provider_android:writeDebugAarMetadata (Thread[#96,Execution worker Thread 4,5,main]) started.

> Task :path_provider_android:writeDebugAarMetadata UP-TO-DATE
Caching disabled for task ':path_provider_android:writeDebugAarMetadata' because:
  Build cache is disabled
  Caching has been disabled for the task
Skipping task ':path_provider_android:writeDebugAarMetadata' as it is up-to-date.
work action resolve aar-metadata.properties (project :path_provider_android) (Thread[#96,Execution worker Thread 4,5,main]) started.
Resolve mutations for :permission_handler_android:preBuild (Thread[#96,Execution worker Thread 4,5,main]) started.
:permission_handler_android:preBuild (Thread[#96,Execution worker Thread 4,5,main]) started.

> Task :permission_handler_android:preBuild UP-TO-DATE
Skipping task ':permission_handler_android:preBuild' as it has no actions.
Resolve mutations for :permission_handler_android:preDebugBuild (Thread[#96,Execution worker Thread 4,5,main]) started.
:permission_handler_android:preDebugBuild (Thread[#96,Execution worker Thread 4,5,main]) started.

> Task :permission_handler_android:preDebugBuild UP-TO-DATE
Skipping task ':permission_handler_android:preDebugBuild' as it has no actions.
Resolve mutations for :permission_handler_android:writeDebugAarMetadata (Thread[#96,Execution worker Thread 4,5,main]) started.
:permission_handler_android:writeDebugAarMetadata (Thread[#96,Execution worker Thread 4,5,main]) started.

> Task :permission_handler_android:writeDebugAarMetadata UP-TO-DATE
Caching disabled for task ':permission_handler_android:writeDebugAarMetadata' because:
  Build cache is disabled
  Caching has been disabled for the task
Skipping task ':permission_handler_android:writeDebugAarMetadata' as it is up-to-date.
work action resolve aar-metadata.properties (project :permission_handler_android) (Thread[#96,Execution worker Thread 4,5,main]) started.
Resolve mutations for :shared_preferences_android:preBuild (Thread[#96,Execution worker Thread 4,5,main]) started.
:shared_preferences_android:preBuild (Thread[#96,Execution worker Thread 4,5,main]) started.

> Task :shared_preferences_android:preBuild UP-TO-DATE
Skipping task ':shared_preferences_android:preBuild' as it has no actions.
Resolve mutations for :shared_preferences_android:preDebugBuild (Thread[#96,Execution worker Thread 4,5,main]) started.
:shared_preferences_android:preDebugBuild (Thread[#96,Execution worker Thread 4,5,main]) started.

> Task :shared_preferences_android:preDebugBuild UP-TO-DATE
Skipping task ':shared_preferences_android:preDebugBuild' as it has no actions.
Resolve mutations for :shared_preferences_android:writeDebugAarMetadata (Thread[#96,Execution worker Thread 4,5,main]) started.
:shared_preferences_android:writeDebugAarMetadata (Thread[#96,Execution worker Thread 4,5,main]) started.

> Task :shared_preferences_android:writeDebugAarMetadata UP-TO-DATE
Caching disabled for task ':shared_preferences_android:writeDebugAarMetadata' because:
  Build cache is disabled
  Caching has been disabled for the task
Skipping task ':shared_preferences_android:writeDebugAarMetadata' as it is up-to-date.
work action resolve aar-metadata.properties (project :shared_preferences_android) (Thread[#96,Execution worker Thread 4,5,main]) started.
Resolve mutations for :sqflite_android:preBuild (Thread[#96,Execution worker Thread 4,5,main]) started.
:sqflite_android:preBuild (Thread[#96,Execution worker Thread 4,5,main]) started.

> Task :sqflite_android:preBuild UP-TO-DATE
Skipping task ':sqflite_android:preBuild' as it has no actions.
Resolve mutations for :sqflite_android:preDebugBuild (Thread[#96,Execution worker Thread 4,5,main]) started.
:sqflite_android:preDebugBuild (Thread[#96,Execution worker Thread 4,5,main]) started.

> Task :sqflite_android:preDebugBuild UP-TO-DATE
Skipping task ':sqflite_android:preDebugBuild' as it has no actions.
Resolve mutations for :sqflite_android:writeDebugAarMetadata (Thread[#96,Execution worker Thread 4,5,main]) started.
:sqflite_android:writeDebugAarMetadata (Thread[#96,Execution worker Thread 4,5,main]) started.

> Task :sqflite_android:writeDebugAarMetadata UP-TO-DATE
Caching disabled for task ':sqflite_android:writeDebugAarMetadata' because:
  Build cache is disabled
  Caching has been disabled for the task
Skipping task ':sqflite_android:writeDebugAarMetadata' as it is up-to-date.
work action resolve aar-metadata.properties (project :sqflite_android) (Thread[#96,Execution worker Thread 4,5,main]) started.
Resolve mutations for :url_launcher_android:preBuild (Thread[#96,Execution worker Thread 4,5,main]) started.
:url_launcher_android:preBuild (Thread[#96,Execution worker Thread 4,5,main]) started.

> Task :url_launcher_android:preBuild UP-TO-DATE
Skipping task ':url_launcher_android:preBuild' as it has no actions.
Resolve mutations for :url_launcher_android:preDebugBuild (Thread[#96,Execution worker Thread 4,5,main]) started.
:url_launcher_android:preDebugBuild (Thread[#96,Execution worker Thread 4,5,main]) started.

> Task :url_launcher_android:preDebugBuild UP-TO-DATE
Skipping task ':url_launcher_android:preDebugBuild' as it has no actions.
Resolve mutations for :url_launcher_android:writeDebugAarMetadata (Thread[#96,Execution worker Thread 4,5,main]) started.
:url_launcher_android:writeDebugAarMetadata (Thread[#96,Execution worker Thread 4,5,main]) started.

> Task :url_launcher_android:writeDebugAarMetadata UP-TO-DATE
Caching disabled for task ':url_launcher_android:writeDebugAarMetadata' because:
  Build cache is disabled
  Caching has been disabled for the task
Skipping task ':url_launcher_android:writeDebugAarMetadata' as it is up-to-date.
work action resolve aar-metadata.properties (project :url_launcher_android) (Thread[#96,Execution worker Thread 4,5,main]) started.
Resolve mutations for :webview_flutter_android:preBuild (Thread[#96,Execution worker Thread 4,5,main]) started.
:webview_flutter_android:preBuild (Thread[#96,Execution worker Thread 4,5,main]) started.

> Task :webview_flutter_android:preBuild UP-TO-DATE
Skipping task ':webview_flutter_android:preBuild' as it has no actions.
Resolve mutations for :webview_flutter_android:preDebugBuild (Thread[#96,Execution worker Thread 4,5,main]) started.
:webview_flutter_android:preDebugBuild (Thread[#96,Execution worker Thread 4,5,main]) started.

> Task :webview_flutter_android:preDebugBuild UP-TO-DATE
Skipping task ':webview_flutter_android:preDebugBuild' as it has no actions.
Resolve mutations for :webview_flutter_android:writeDebugAarMetadata (Thread[#96,Execution worker Thread 4,5,main]) started.
:webview_flutter_android:writeDebugAarMetadata (Thread[#96,Execution worker Thread 4,5,main]) started.

> Task :webview_flutter_android:writeDebugAarMetadata UP-TO-DATE
Caching disabled for task ':webview_flutter_android:writeDebugAarMetadata' because:
  Build cache is disabled
  Caching has been disabled for the task
Skipping task ':webview_flutter_android:writeDebugAarMetadata' as it is up-to-date.
work action resolve aar-metadata.properties (project :webview_flutter_android) (Thread[#96,Execution worker Thread 4,5,main]) started.
Resolve mutations for :yandex_maps_mapkit:preBuild (Thread[#96,Execution worker Thread 4,5,main]) started.
:yandex_maps_mapkit:preBuild (Thread[#96,Execution worker Thread 4,5,main]) started.

> Task :yandex_maps_mapkit:preBuild UP-TO-DATE
Skipping task ':yandex_maps_mapkit:preBuild' as it has no actions.
Resolve mutations for :yandex_maps_mapkit:preDebugBuild (Thread[#96,Execution worker Thread 4,5,main]) started.
:yandex_maps_mapkit:preDebugBuild (Thread[#96,Execution worker Thread 4,5,main]) started.

> Task :yandex_maps_mapkit:preDebugBuild UP-TO-DATE
Skipping task ':yandex_maps_mapkit:preDebugBuild' as it has no actions.
Resolve mutations for :yandex_maps_mapkit:writeDebugAarMetadata (Thread[#96,Execution worker Thread 4,5,main]) started.
:yandex_maps_mapkit:writeDebugAarMetadata (Thread[#96,Execution worker Thread 4,5,main]) started.

> Task :yandex_maps_mapkit:writeDebugAarMetadata UP-TO-DATE
Caching disabled for task ':yandex_maps_mapkit:writeDebugAarMetadata' because:
  Build cache is disabled
  Caching has been disabled for the task
Skipping task ':yandex_maps_mapkit:writeDebugAarMetadata' as it is up-to-date.
work action resolve aar-metadata.properties (project :yandex_maps_mapkit) (Thread[#96,Execution worker Thread 4,5,main]) started.
Resolve mutations for :app:checkDebugAarMetadata (Thread[#93,Execution worker,5,main]) started.
:app:checkDebugAarMetadata (Thread[#93,Execution worker,5,main]) started.

> Task :app:checkDebugAarMetadata UP-TO-DATE
Caching disabled for task ':app:checkDebugAarMetadata' because:
  Build cache is disabled
  Caching has been disabled for the task
Skipping task ':app:checkDebugAarMetadata' as it is up-to-date.
Resolve mutations for :app:cleanMergeDebugAssets (Thread[#93,Execution worker,5,main]) started.
:app:cleanMergeDebugAssets (Thread[#93,Execution worker,5,main]) started.

> Task :app:cleanMergeDebugAssets
Caching disabled for task ':app:cleanMergeDebugAssets' because:
  Build cache is disabled
Task ':app:cleanMergeDebugAssets' is not up-to-date because:
  Task has not declared any outputs despite executing actions.
Resolve mutations for :app:mergeDebugShaders (Thread[#93,Execution worker,5,main]) started.
:app:mergeDebugShaders (Thread[#93,Execution worker,5,main]) started.

> Task :app:mergeDebugShaders UP-TO-DATE
Caching disabled for task ':app:mergeDebugShaders' because:
  Build cache is disabled
  Simple merging task
Skipping task ':app:mergeDebugShaders' as it is up-to-date.
Resolve mutations for :app:compileDebugShaders (Thread[#93,Execution worker,5,main]) started.
:app:compileDebugShaders (Thread[#93,Execution worker,5,main]) started.

> Task :app:compileDebugShaders NO-SOURCE
Skipping task ':app:compileDebugShaders' as it has no source files and no previous output files.
Resolve mutations for :app:generateDebugAssets (Thread[#93,Execution worker,5,main]) started.
:app:generateDebugAssets (Thread[#93,Execution worker,5,main]) started.

> Task :app:generateDebugAssets UP-TO-DATE
Skipping task ':app:generateDebugAssets' as it has no actions.
Resolve mutations for :flutter_plugin_android_lifecycle:mergeDebugShaders (Thread[#93,Execution worker,5,main]) started.
:flutter_plugin_android_lifecycle:mergeDebugShaders (Thread[#93,Execution worker,5,main]) started.

> Task :flutter_plugin_android_lifecycle:mergeDebugShaders UP-TO-DATE
Caching disabled for task ':flutter_plugin_android_lifecycle:mergeDebugShaders' because:
  Build cache is disabled
  Simple merging task
Skipping task ':flutter_plugin_android_lifecycle:mergeDebugShaders' as it is up-to-date.
Resolve mutations for :flutter_plugin_android_lifecycle:compileDebugShaders (Thread[#93,Execution worker,5,main]) started.
:flutter_plugin_android_lifecycle:compileDebugShaders (Thread[#93,Execution worker,5,main]) started.

> Task :flutter_plugin_android_lifecycle:compileDebugShaders NO-SOURCE
Skipping task ':flutter_plugin_android_lifecycle:compileDebugShaders' as it has no source files and no previous output files.
Resolve mutations for :flutter_plugin_android_lifecycle:generateDebugAssets (Thread[#93,Execution worker,5,main]) started.
:flutter_plugin_android_lifecycle:generateDebugAssets (Thread[#93,Execution worker,5,main]) started.

> Task :flutter_plugin_android_lifecycle:generateDebugAssets UP-TO-DATE
Skipping task ':flutter_plugin_android_lifecycle:generateDebugAssets' as it has no actions.
Resolve mutations for :flutter_plugin_android_lifecycle:mergeDebugAssets (Thread[#93,Execution worker,5,main]) started.
:flutter_plugin_android_lifecycle:mergeDebugAssets (Thread[#93,Execution worker,5,main]) started.

> Task :flutter_plugin_android_lifecycle:mergeDebugAssets UP-TO-DATE
Caching disabled for task ':flutter_plugin_android_lifecycle:mergeDebugAssets' because:
  Build cache is disabled
  Simple merging task
Skipping task ':flutter_plugin_android_lifecycle:mergeDebugAssets' as it is up-to-date.
work action resolve mergeDebugAssets (project :flutter_plugin_android_lifecycle) (Thread[#93,Execution worker,5,main]) started.
Resolve mutations for :flutter_secure_storage:mergeDebugShaders (Thread[#93,Execution worker,5,main]) started.
:flutter_secure_storage:mergeDebugShaders (Thread[#93,Execution worker,5,main]) started.

> Task :flutter_secure_storage:mergeDebugShaders UP-TO-DATE
Caching disabled for task ':flutter_secure_storage:mergeDebugShaders' because:
  Build cache is disabled
  Simple merging task
Skipping task ':flutter_secure_storage:mergeDebugShaders' as it is up-to-date.
Resolve mutations for :flutter_secure_storage:compileDebugShaders (Thread[#93,Execution worker,5,main]) started.
:flutter_secure_storage:compileDebugShaders (Thread[#93,Execution worker,5,main]) started.

> Task :flutter_secure_storage:compileDebugShaders NO-SOURCE
Skipping task ':flutter_secure_storage:compileDebugShaders' as it has no source files and no previous output files.
Resolve mutations for :flutter_secure_storage:generateDebugAssets (Thread[#93,Execution worker,5,main]) started.
:flutter_secure_storage:generateDebugAssets (Thread[#93,Execution worker,5,main]) started.

> Task :flutter_secure_storage:generateDebugAssets UP-TO-DATE
Skipping task ':flutter_secure_storage:generateDebugAssets' as it has no actions.
Resolve mutations for :flutter_secure_storage:mergeDebugAssets (Thread[#93,Execution worker,5,main]) started.
:flutter_secure_storage:mergeDebugAssets (Thread[#93,Execution worker,5,main]) started.

> Task :flutter_secure_storage:mergeDebugAssets UP-TO-DATE
Caching disabled for task ':flutter_secure_storage:mergeDebugAssets' because:
  Build cache is disabled
  Simple merging task
Skipping task ':flutter_secure_storage:mergeDebugAssets' as it is up-to-date.
work action resolve mergeDebugAssets (project :flutter_secure_storage) (Thread[#93,Execution worker,5,main]) started.
Resolve mutations for :geocoding_android:mergeDebugShaders (Thread[#93,Execution worker,5,main]) started.
:geocoding_android:mergeDebugShaders (Thread[#93,Execution worker,5,main]) started.

> Task :geocoding_android:mergeDebugShaders UP-TO-DATE
Caching disabled for task ':geocoding_android:mergeDebugShaders' because:
  Build cache is disabled
  Simple merging task
Skipping task ':geocoding_android:mergeDebugShaders' as it is up-to-date.
Resolve mutations for :geocoding_android:compileDebugShaders (Thread[#93,Execution worker,5,main]) started.
:geocoding_android:compileDebugShaders (Thread[#93,Execution worker,5,main]) started.

> Task :geocoding_android:compileDebugShaders NO-SOURCE
Skipping task ':geocoding_android:compileDebugShaders' as it has no source files and no previous output files.
Resolve mutations for :geocoding_android:generateDebugAssets (Thread[#93,Execution worker,5,main]) started.
:geocoding_android:generateDebugAssets (Thread[#93,Execution worker,5,main]) started.

> Task :geocoding_android:generateDebugAssets UP-TO-DATE
Skipping task ':geocoding_android:generateDebugAssets' as it has no actions.
Resolve mutations for :geocoding_android:mergeDebugAssets (Thread[#93,Execution worker,5,main]) started.
:geocoding_android:mergeDebugAssets (Thread[#93,Execution worker,5,main]) started.

> Task :geocoding_android:mergeDebugAssets UP-TO-DATE
Caching disabled for task ':geocoding_android:mergeDebugAssets' because:
  Build cache is disabled
  Simple merging task
Skipping task ':geocoding_android:mergeDebugAssets' as it is up-to-date.
work action resolve mergeDebugAssets (project :geocoding_android) (Thread[#93,Execution worker,5,main]) started.
Resolve mutations for :geolocator_android:mergeDebugShaders (Thread[#93,Execution worker,5,main]) started.
:geolocator_android:mergeDebugShaders (Thread[#93,Execution worker,5,main]) started.

> Task :geolocator_android:mergeDebugShaders UP-TO-DATE
Caching disabled for task ':geolocator_android:mergeDebugShaders' because:
  Build cache is disabled
  Simple merging task
Skipping task ':geolocator_android:mergeDebugShaders' as it is up-to-date.
Resolve mutations for :geolocator_android:compileDebugShaders (Thread[#93,Execution worker,5,main]) started.
:geolocator_android:compileDebugShaders (Thread[#93,Execution worker,5,main]) started.

> Task :geolocator_android:compileDebugShaders NO-SOURCE
Skipping task ':geolocator_android:compileDebugShaders' as it has no source files and no previous output files.
Resolve mutations for :geolocator_android:generateDebugAssets (Thread[#93,Execution worker,5,main]) started.
:geolocator_android:generateDebugAssets (Thread[#93,Execution worker,5,main]) started.

> Task :geolocator_android:generateDebugAssets UP-TO-DATE
Skipping task ':geolocator_android:generateDebugAssets' as it has no actions.
Resolve mutations for :geolocator_android:mergeDebugAssets (Thread[#93,Execution worker,5,main]) started.
:geolocator_android:mergeDebugAssets (Thread[#93,Execution worker,5,main]) started.

> Task :geolocator_android:mergeDebugAssets UP-TO-DATE
Caching disabled for task ':geolocator_android:mergeDebugAssets' because:
  Build cache is disabled
  Simple merging task
Skipping task ':geolocator_android:mergeDebugAssets' as it is up-to-date.
work action resolve mergeDebugAssets (project :geolocator_android) (Thread[#93,Execution worker,5,main]) started.
Resolve mutations for :image_picker_android:mergeDebugShaders (Thread[#93,Execution worker,5,main]) started.
:image_picker_android:mergeDebugShaders (Thread[#93,Execution worker,5,main]) started.

> Task :image_picker_android:mergeDebugShaders UP-TO-DATE
Caching disabled for task ':image_picker_android:mergeDebugShaders' because:
  Build cache is disabled
  Simple merging task
Skipping task ':image_picker_android:mergeDebugShaders' as it is up-to-date.
Resolve mutations for :image_picker_android:compileDebugShaders (Thread[#93,Execution worker,5,main]) started.
:image_picker_android:compileDebugShaders (Thread[#93,Execution worker,5,main]) started.

> Task :image_picker_android:compileDebugShaders NO-SOURCE
Skipping task ':image_picker_android:compileDebugShaders' as it has no source files and no previous output files.
Resolve mutations for :image_picker_android:generateDebugAssets (Thread[#93,Execution worker,5,main]) started.
:image_picker_android:generateDebugAssets (Thread[#93,Execution worker,5,main]) started.

> Task :image_picker_android:generateDebugAssets UP-TO-DATE
Skipping task ':image_picker_android:generateDebugAssets' as it has no actions.
Resolve mutations for :image_picker_android:mergeDebugAssets (Thread[#93,Execution worker,5,main]) started.
:image_picker_android:mergeDebugAssets (Thread[#93,Execution worker,5,main]) started.

> Task :image_picker_android:mergeDebugAssets UP-TO-DATE
Caching disabled for task ':image_picker_android:mergeDebugAssets' because:
  Build cache is disabled
  Simple merging task
Skipping task ':image_picker_android:mergeDebugAssets' as it is up-to-date.
work action resolve mergeDebugAssets (project :image_picker_android) (Thread[#93,Execution worker,5,main]) started.
Resolve mutations for :mobile_scanner:mergeDebugShaders (Thread[#93,Execution worker,5,main]) started.
:mobile_scanner:mergeDebugShaders (Thread[#93,Execution worker,5,main]) started.

> Task :mobile_scanner:mergeDebugShaders UP-TO-DATE
Caching disabled for task ':mobile_scanner:mergeDebugShaders' because:
  Build cache is disabled
  Simple merging task
Skipping task ':mobile_scanner:mergeDebugShaders' as it is up-to-date.
Resolve mutations for :mobile_scanner:compileDebugShaders (Thread[#93,Execution worker,5,main]) started.
:mobile_scanner:compileDebugShaders (Thread[#93,Execution worker,5,main]) started.

> Task :mobile_scanner:compileDebugShaders NO-SOURCE
Skipping task ':mobile_scanner:compileDebugShaders' as it has no source files and no previous output files.
Resolve mutations for :mobile_scanner:generateDebugAssets (Thread[#93,Execution worker,5,main]) started.
:mobile_scanner:generateDebugAssets (Thread[#93,Execution worker,5,main]) started.

> Task :mobile_scanner:generateDebugAssets UP-TO-DATE
Skipping task ':mobile_scanner:generateDebugAssets' as it has no actions.
Resolve mutations for :mobile_scanner:mergeDebugAssets (Thread[#93,Execution worker,5,main]) started.
:mobile_scanner:mergeDebugAssets (Thread[#93,Execution worker,5,main]) started.

> Task :mobile_scanner:mergeDebugAssets UP-TO-DATE
Caching disabled for task ':mobile_scanner:mergeDebugAssets' because:
  Build cache is disabled
  Simple merging task
Skipping task ':mobile_scanner:mergeDebugAssets' as it is up-to-date.
work action resolve mergeDebugAssets (project :mobile_scanner) (Thread[#93,Execution worker,5,main]) started.
Resolve mutations for :onesignal_flutter:mergeDebugShaders (Thread[#93,Execution worker,5,main]) started.
:onesignal_flutter:mergeDebugShaders (Thread[#93,Execution worker,5,main]) started.

> Task :onesignal_flutter:mergeDebugShaders UP-TO-DATE
Caching disabled for task ':onesignal_flutter:mergeDebugShaders' because:
  Build cache is disabled
  Simple merging task
Skipping task ':onesignal_flutter:mergeDebugShaders' as it is up-to-date.
Resolve mutations for :onesignal_flutter:compileDebugShaders (Thread[#93,Execution worker,5,main]) started.
:onesignal_flutter:compileDebugShaders (Thread[#93,Execution worker,5,main]) started.

> Task :onesignal_flutter:compileDebugShaders NO-SOURCE
Skipping task ':onesignal_flutter:compileDebugShaders' as it has no source files and no previous output files.
Resolve mutations for :onesignal_flutter:generateDebugAssets (Thread[#93,Execution worker,5,main]) started.
:onesignal_flutter:generateDebugAssets (Thread[#93,Execution worker,5,main]) started.

> Task :onesignal_flutter:generateDebugAssets UP-TO-DATE
Skipping task ':onesignal_flutter:generateDebugAssets' as it has no actions.
Resolve mutations for :onesignal_flutter:mergeDebugAssets (Thread[#101,Execution worker Thread 9,5,main]) started.
:onesignal_flutter:mergeDebugAssets (Thread[#101,Execution worker Thread 9,5,main]) started.

> Task :onesignal_flutter:mergeDebugAssets UP-TO-DATE
Caching disabled for task ':onesignal_flutter:mergeDebugAssets' because:
  Build cache is disabled
  Simple merging task
Skipping task ':onesignal_flutter:mergeDebugAssets' as it is up-to-date.
work action resolve mergeDebugAssets (project :onesignal_flutter) (Thread[#101,Execution worker Thread 9,5,main]) started.
Resolve mutations for :path_provider_android:mergeDebugShaders (Thread[#101,Execution worker Thread 9,5,main]) started.
:path_provider_android:mergeDebugShaders (Thread[#101,Execution worker Thread 9,5,main]) started.

> Task :path_provider_android:mergeDebugShaders UP-TO-DATE
Caching disabled for task ':path_provider_android:mergeDebugShaders' because:
  Build cache is disabled
  Simple merging task
Skipping task ':path_provider_android:mergeDebugShaders' as it is up-to-date.
Resolve mutations for :path_provider_android:compileDebugShaders (Thread[#101,Execution worker Thread 9,5,main]) started.
:path_provider_android:compileDebugShaders (Thread[#101,Execution worker Thread 9,5,main]) started.

> Task :path_provider_android:compileDebugShaders NO-SOURCE
Skipping task ':path_provider_android:compileDebugShaders' as it has no source files and no previous output files.
Resolve mutations for :path_provider_android:generateDebugAssets (Thread[#101,Execution worker Thread 9,5,main]) started.
:path_provider_android:generateDebugAssets (Thread[#101,Execution worker Thread 9,5,main]) started.

> Task :path_provider_android:generateDebugAssets UP-TO-DATE
Skipping task ':path_provider_android:generateDebugAssets' as it has no actions.
Resolve mutations for :path_provider_android:mergeDebugAssets (Thread[#101,Execution worker Thread 9,5,main]) started.
:path_provider_android:mergeDebugAssets (Thread[#101,Execution worker Thread 9,5,main]) started.

> Task :path_provider_android:mergeDebugAssets UP-TO-DATE
Caching disabled for task ':path_provider_android:mergeDebugAssets' because:
  Build cache is disabled
  Simple merging task
Skipping task ':path_provider_android:mergeDebugAssets' as it is up-to-date.
work action resolve mergeDebugAssets (project :path_provider_android) (Thread[#101,Execution worker Thread 9,5,main]) started.
Resolve mutations for :permission_handler_android:mergeDebugShaders (Thread[#101,Execution worker Thread 9,5,main]) started.
:permission_handler_android:mergeDebugShaders (Thread[#101,Execution worker Thread 9,5,main]) started.

> Task :permission_handler_android:mergeDebugShaders UP-TO-DATE
Caching disabled for task ':permission_handler_android:mergeDebugShaders' because:
  Build cache is disabled
  Simple merging task
Skipping task ':permission_handler_android:mergeDebugShaders' as it is up-to-date.
Resolve mutations for :permission_handler_android:compileDebugShaders (Thread[#101,Execution worker Thread 9,5,main]) started.
:permission_handler_android:compileDebugShaders (Thread[#101,Execution worker Thread 9,5,main]) started.

> Task :permission_handler_android:compileDebugShaders NO-SOURCE
Skipping task ':permission_handler_android:compileDebugShaders' as it has no source files and no previous output files.
Resolve mutations for :permission_handler_android:generateDebugAssets (Thread[#101,Execution worker Thread 9,5,main]) started.
:permission_handler_android:generateDebugAssets (Thread[#101,Execution worker Thread 9,5,main]) started.

> Task :permission_handler_android:generateDebugAssets UP-TO-DATE
Skipping task ':permission_handler_android:generateDebugAssets' as it has no actions.
Resolve mutations for :permission_handler_android:mergeDebugAssets (Thread[#101,Execution worker Thread 9,5,main]) started.
:permission_handler_android:mergeDebugAssets (Thread[#101,Execution worker Thread 9,5,main]) started.

> Task :permission_handler_android:mergeDebugAssets UP-TO-DATE
Caching disabled for task ':permission_handler_android:mergeDebugAssets' because:
  Build cache is disabled
  Simple merging task
Skipping task ':permission_handler_android:mergeDebugAssets' as it is up-to-date.
work action resolve mergeDebugAssets (project :permission_handler_android) (Thread[#101,Execution worker Thread 9,5,main]) started.
Resolve mutations for :shared_preferences_android:mergeDebugShaders (Thread[#101,Execution worker Thread 9,5,main]) started.
:shared_preferences_android:mergeDebugShaders (Thread[#101,Execution worker Thread 9,5,main]) started.

> Task :shared_preferences_android:mergeDebugShaders UP-TO-DATE
Caching disabled for task ':shared_preferences_android:mergeDebugShaders' because:
  Build cache is disabled
  Simple merging task
Skipping task ':shared_preferences_android:mergeDebugShaders' as it is up-to-date.
Resolve mutations for :shared_preferences_android:compileDebugShaders (Thread[#101,Execution worker Thread 9,5,main]) started.
:shared_preferences_android:compileDebugShaders (Thread[#97,Execution worker Thread 5,5,main]) started.

> Task :shared_preferences_android:compileDebugShaders NO-SOURCE
Skipping task ':shared_preferences_android:compileDebugShaders' as it has no source files and no previous output files.
Resolve mutations for :shared_preferences_android:generateDebugAssets (Thread[#97,Execution worker Thread 5,5,main]) started.
:shared_preferences_android:generateDebugAssets (Thread[#97,Execution worker Thread 5,5,main]) started.

> Task :shared_preferences_android:generateDebugAssets UP-TO-DATE
Skipping task ':shared_preferences_android:generateDebugAssets' as it has no actions.
Resolve mutations for :shared_preferences_android:mergeDebugAssets (Thread[#97,Execution worker Thread 5,5,main]) started.
:shared_preferences_android:mergeDebugAssets (Thread[#97,Execution worker Thread 5,5,main]) started.

> Task :shared_preferences_android:mergeDebugAssets UP-TO-DATE
Caching disabled for task ':shared_preferences_android:mergeDebugAssets' because:
  Build cache is disabled
  Simple merging task
Skipping task ':shared_preferences_android:mergeDebugAssets' as it is up-to-date.
work action resolve mergeDebugAssets (project :shared_preferences_android) (Thread[#97,Execution worker Thread 5,5,main]) started.
Resolve mutations for :sqflite_android:mergeDebugShaders (Thread[#97,Execution worker Thread 5,5,main]) started.
:sqflite_android:mergeDebugShaders (Thread[#97,Execution worker Thread 5,5,main]) started.

> Task :sqflite_android:mergeDebugShaders UP-TO-DATE
Caching disabled for task ':sqflite_android:mergeDebugShaders' because:
  Build cache is disabled
  Simple merging task
Skipping task ':sqflite_android:mergeDebugShaders' as it is up-to-date.
Resolve mutations for :sqflite_android:compileDebugShaders (Thread[#97,Execution worker Thread 5,5,main]) started.
:sqflite_android:compileDebugShaders (Thread[#97,Execution worker Thread 5,5,main]) started.

> Task :sqflite_android:compileDebugShaders NO-SOURCE
Skipping task ':sqflite_android:compileDebugShaders' as it has no source files and no previous output files.
Resolve mutations for :sqflite_android:generateDebugAssets (Thread[#96,Execution worker Thread 4,5,main]) started.
:sqflite_android:generateDebugAssets (Thread[#96,Execution worker Thread 4,5,main]) started.

> Task :sqflite_android:generateDebugAssets UP-TO-DATE
Skipping task ':sqflite_android:generateDebugAssets' as it has no actions.
Resolve mutations for :sqflite_android:mergeDebugAssets (Thread[#96,Execution worker Thread 4,5,main]) started.
:sqflite_android:mergeDebugAssets (Thread[#96,Execution worker Thread 4,5,main]) started.

> Task :sqflite_android:mergeDebugAssets UP-TO-DATE
Caching disabled for task ':sqflite_android:mergeDebugAssets' because:
  Build cache is disabled
  Simple merging task
Skipping task ':sqflite_android:mergeDebugAssets' as it is up-to-date.
work action resolve mergeDebugAssets (project :sqflite_android) (Thread[#96,Execution worker Thread 4,5,main]) started.
Resolve mutations for :url_launcher_android:mergeDebugShaders (Thread[#96,Execution worker Thread 4,5,main]) started.
:url_launcher_android:mergeDebugShaders (Thread[#93,Execution worker,5,main]) started.

> Task :url_launcher_android:mergeDebugShaders UP-TO-DATE
Caching disabled for task ':url_launcher_android:mergeDebugShaders' because:
  Build cache is disabled
  Simple merging task
Skipping task ':url_launcher_android:mergeDebugShaders' as it is up-to-date.
Resolve mutations for :url_launcher_android:compileDebugShaders (Thread[#96,Execution worker Thread 4,5,main]) started.
:url_launcher_android:compileDebugShaders (Thread[#96,Execution worker Thread 4,5,main]) started.

> Task :url_launcher_android:compileDebugShaders NO-SOURCE
Skipping task ':url_launcher_android:compileDebugShaders' as it has no source files and no previous output files.
Resolve mutations for :url_launcher_android:generateDebugAssets (Thread[#96,Execution worker Thread 4,5,main]) started.
:url_launcher_android:generateDebugAssets (Thread[#96,Execution worker Thread 4,5,main]) started.

> Task :url_launcher_android:generateDebugAssets UP-TO-DATE
Skipping task ':url_launcher_android:generateDebugAssets' as it has no actions.
Resolve mutations for :url_launcher_android:mergeDebugAssets (Thread[#96,Execution worker Thread 4,5,main]) started.
:url_launcher_android:mergeDebugAssets (Thread[#96,Execution worker Thread 4,5,main]) started.

> Task :url_launcher_android:mergeDebugAssets UP-TO-DATE
Caching disabled for task ':url_launcher_android:mergeDebugAssets' because:
  Build cache is disabled
  Simple merging task
Skipping task ':url_launcher_android:mergeDebugAssets' as it is up-to-date.
work action resolve mergeDebugAssets (project :url_launcher_android) (Thread[#96,Execution worker Thread 4,5,main]) started.
Resolve mutations for :webview_flutter_android:mergeDebugShaders (Thread[#96,Execution worker Thread 4,5,main]) started.
:webview_flutter_android:mergeDebugShaders (Thread[#96,Execution worker Thread 4,5,main]) started.

> Task :webview_flutter_android:mergeDebugShaders UP-TO-DATE
Caching disabled for task ':webview_flutter_android:mergeDebugShaders' because:
  Build cache is disabled
  Simple merging task
Skipping task ':webview_flutter_android:mergeDebugShaders' as it is up-to-date.
Resolve mutations for :webview_flutter_android:compileDebugShaders (Thread[#93,Execution worker,5,main]) started.
:webview_flutter_android:compileDebugShaders (Thread[#93,Execution worker,5,main]) started.

> Task :webview_flutter_android:compileDebugShaders NO-SOURCE
Skipping task ':webview_flutter_android:compileDebugShaders' as it has no source files and no previous output files.
Resolve mutations for :webview_flutter_android:generateDebugAssets (Thread[#93,Execution worker,5,main]) started.
:webview_flutter_android:generateDebugAssets (Thread[#93,Execution worker,5,main]) started.

> Task :webview_flutter_android:generateDebugAssets UP-TO-DATE
Skipping task ':webview_flutter_android:generateDebugAssets' as it has no actions.
Resolve mutations for :webview_flutter_android:mergeDebugAssets (Thread[#93,Execution worker,5,main]) started.
:webview_flutter_android:mergeDebugAssets (Thread[#93,Execution worker,5,main]) started.

> Task :webview_flutter_android:mergeDebugAssets UP-TO-DATE
Caching disabled for task ':webview_flutter_android:mergeDebugAssets' because:
  Build cache is disabled
  Simple merging task
Skipping task ':webview_flutter_android:mergeDebugAssets' as it is up-to-date.
work action resolve mergeDebugAssets (project :webview_flutter_android) (Thread[#93,Execution worker,5,main]) started.
Resolve mutations for :yandex_maps_mapkit:mergeDebugShaders (Thread[#93,Execution worker,5,main]) started.
:yandex_maps_mapkit:mergeDebugShaders (Thread[#93,Execution worker,5,main]) started.

> Task :yandex_maps_mapkit:mergeDebugShaders UP-TO-DATE
Caching disabled for task ':yandex_maps_mapkit:mergeDebugShaders' because:
  Build cache is disabled
  Simple merging task
Skipping task ':yandex_maps_mapkit:mergeDebugShaders' as it is up-to-date.
Resolve mutations for :yandex_maps_mapkit:compileDebugShaders (Thread[#93,Execution worker,5,main]) started.
:yandex_maps_mapkit:compileDebugShaders (Thread[#93,Execution worker,5,main]) started.

> Task :yandex_maps_mapkit:compileDebugShaders NO-SOURCE
Skipping task ':yandex_maps_mapkit:compileDebugShaders' as it has no source files and no previous output files.
Resolve mutations for :yandex_maps_mapkit:generateDebugAssets (Thread[#93,Execution worker,5,main]) started.
:yandex_maps_mapkit:generateDebugAssets (Thread[#93,Execution worker,5,main]) started.

> Task :yandex_maps_mapkit:generateDebugAssets UP-TO-DATE
Skipping task ':yandex_maps_mapkit:generateDebugAssets' as it has no actions.
Resolve mutations for :yandex_maps_mapkit:mergeDebugAssets (Thread[#93,Execution worker,5,main]) started.
:yandex_maps_mapkit:mergeDebugAssets (Thread[#93,Execution worker,5,main]) started.

> Task :yandex_maps_mapkit:mergeDebugAssets UP-TO-DATE
Caching disabled for task ':yandex_maps_mapkit:mergeDebugAssets' because:
  Build cache is disabled
  Simple merging task
Skipping task ':yandex_maps_mapkit:mergeDebugAssets' as it is up-to-date.
work action resolve mergeDebugAssets (project :yandex_maps_mapkit) (Thread[#93,Execution worker,5,main]) started.
Resolve mutations for :app:mergeDebugAssets (Thread[#93,Execution worker,5,main]) started.
:app:mergeDebugAssets (Thread[#93,Execution worker,5,main]) started.

> Task :app:mergeDebugAssets
Caching disabled for task ':app:mergeDebugAssets' because:
  Build cache is disabled
  Simple merging task
Task ':app:mergeDebugAssets' is not up-to-date because:
  Output property 'outputDir' file C:\Users\Utilisateur\build_pa\app\intermediates\assets\debug\mergeDebugAssets has been removed.
  Output property 'outputDir' file C:\Users\Utilisateur\build_pa\app\intermediates\assets\debug\mergeDebugAssets\mlkit_barcode_models has been removed.
  Output property 'outputDir' file C:\Users\Utilisateur\build_pa\app\intermediates\assets\debug\mergeDebugAssets\mlkit_barcode_models\barcode_ssd_mobilenet_v1_dmp25_quant.tflite has been removed.
  and more...
The input changes require a full rebuild for incremental task ':app:mergeDebugAssets'.
Resolve mutations for :app:copyFlutterAssetsDebug (Thread[#93,Execution worker,5,main]) started.
:app:copyFlutterAssetsDebug (Thread[#93,Execution worker,5,main]) started.

> Task :app:copyFlutterAssetsDebug
Caching disabled for task ':app:copyFlutterAssetsDebug' because:
  Build cache is disabled
  Not worth caching
Task ':app:copyFlutterAssetsDebug' is not up-to-date because:
  Output property 'destinationDir' file C:\Users\Utilisateur\build_pa\app\intermediates\assets\debug\mergeDebugAssets\flutter_assets has been removed.
  Output property 'destinationDir' file C:\Users\Utilisateur\build_pa\app\intermediates\assets\debug\mergeDebugAssets\flutter_assets\AssetManifest.bin has been removed.
  Output property 'destinationDir' file C:\Users\Utilisateur\build_pa\app\intermediates\assets\debug\mergeDebugAssets\flutter_assets\FontManifest.json has been removed.
  and more...
Resolve mutations for :app:generateDebugResValues (Thread[#93,Execution worker,5,main]) started.
:app:generateDebugResValues (Thread[#93,Execution worker,5,main]) started.

> Task :app:generateDebugResValues UP-TO-DATE
Caching disabled for task ':app:generateDebugResValues' because:
  Build cache is disabled
Skipping task ':app:generateDebugResValues' as it is up-to-date.
Resolve mutations for :flutter_plugin_android_lifecycle:generateDebugResValues (Thread[#93,Execution worker,5,main]) started.
:flutter_plugin_android_lifecycle:generateDebugResValues (Thread[#93,Execution worker,5,main]) started.

> Task :flutter_plugin_android_lifecycle:generateDebugResValues UP-TO-DATE
Caching disabled for task ':flutter_plugin_android_lifecycle:generateDebugResValues' because:
  Build cache is disabled
Skipping task ':flutter_plugin_android_lifecycle:generateDebugResValues' as it is up-to-date.
Resolve mutations for :flutter_plugin_android_lifecycle:generateDebugResources (Thread[#93,Execution worker,5,main]) started.
:flutter_plugin_android_lifecycle:generateDebugResources (Thread[#93,Execution worker,5,main]) started.

> Task :flutter_plugin_android_lifecycle:generateDebugResources UP-TO-DATE
Caching disabled for task ':flutter_plugin_android_lifecycle:generateDebugResources' because:
  Build cache is disabled
Skipping task ':flutter_plugin_android_lifecycle:generateDebugResources' as it is up-to-date.
Resolve mutations for :flutter_plugin_android_lifecycle:packageDebugResources (Thread[#93,Execution worker,5,main]) started.
:flutter_plugin_android_lifecycle:packageDebugResources (Thread[#93,Execution worker,5,main]) started.

> Task :flutter_plugin_android_lifecycle:packageDebugResources UP-TO-DATE
Caching disabled for task ':flutter_plugin_android_lifecycle:packageDebugResources' because:
  Build cache is disabled
Skipping task ':flutter_plugin_android_lifecycle:packageDebugResources' as it is up-to-date.
work action resolve packageDebugResources (project :flutter_plugin_android_lifecycle) (Thread[#93,Execution worker,5,main]) started.
Resolve mutations for :flutter_secure_storage:generateDebugResValues (Thread[#93,Execution worker,5,main]) started.
:flutter_secure_storage:generateDebugResValues (Thread[#93,Execution worker,5,main]) started.

> Task :flutter_secure_storage:generateDebugResValues UP-TO-DATE
Caching disabled for task ':flutter_secure_storage:generateDebugResValues' because:
  Build cache is disabled
Skipping task ':flutter_secure_storage:generateDebugResValues' as it is up-to-date.
Resolve mutations for :flutter_secure_storage:generateDebugResources (Thread[#93,Execution worker,5,main]) started.
:flutter_secure_storage:generateDebugResources (Thread[#93,Execution worker,5,main]) started.

> Task :flutter_secure_storage:generateDebugResources UP-TO-DATE
Caching disabled for task ':flutter_secure_storage:generateDebugResources' because:
  Build cache is disabled
Skipping task ':flutter_secure_storage:generateDebugResources' as it is up-to-date.
Resolve mutations for :flutter_secure_storage:packageDebugResources (Thread[#93,Execution worker,5,main]) started.
:flutter_secure_storage:packageDebugResources (Thread[#93,Execution worker,5,main]) started.

> Task :flutter_secure_storage:packageDebugResources UP-TO-DATE
Caching disabled for task ':flutter_secure_storage:packageDebugResources' because:
  Build cache is disabled
Skipping task ':flutter_secure_storage:packageDebugResources' as it is up-to-date.
work action resolve packageDebugResources (project :flutter_secure_storage) (Thread[#93,Execution worker,5,main]) started.
Resolve mutations for :geocoding_android:generateDebugResValues (Thread[#93,Execution worker,5,main]) started.
:geocoding_android:generateDebugResValues (Thread[#93,Execution worker,5,main]) started.

> Task :geocoding_android:generateDebugResValues UP-TO-DATE
Caching disabled for task ':geocoding_android:generateDebugResValues' because:
  Build cache is disabled
Skipping task ':geocoding_android:generateDebugResValues' as it is up-to-date.
Resolve mutations for :geocoding_android:generateDebugResources (Thread[#93,Execution worker,5,main]) started.
:geocoding_android:generateDebugResources (Thread[#93,Execution worker,5,main]) started.

> Task :geocoding_android:generateDebugResources UP-TO-DATE
Caching disabled for task ':geocoding_android:generateDebugResources' because:
  Build cache is disabled
Skipping task ':geocoding_android:generateDebugResources' as it is up-to-date.
Resolve mutations for :geocoding_android:packageDebugResources (Thread[#93,Execution worker,5,main]) started.
:geocoding_android:packageDebugResources (Thread[#93,Execution worker,5,main]) started.

> Task :geocoding_android:packageDebugResources UP-TO-DATE
Caching disabled for task ':geocoding_android:packageDebugResources' because:
  Build cache is disabled
Skipping task ':geocoding_android:packageDebugResources' as it is up-to-date.
work action resolve packageDebugResources (project :geocoding_android) (Thread[#93,Execution worker,5,main]) started.
Resolve mutations for :geolocator_android:generateDebugResValues (Thread[#93,Execution worker,5,main]) started.
:geolocator_android:generateDebugResValues (Thread[#93,Execution worker,5,main]) started.

> Task :geolocator_android:generateDebugResValues UP-TO-DATE
Caching disabled for task ':geolocator_android:generateDebugResValues' because:
  Build cache is disabled
Skipping task ':geolocator_android:generateDebugResValues' as it is up-to-date.
Resolve mutations for :geolocator_android:generateDebugResources (Thread[#93,Execution worker,5,main]) started.
:geolocator_android:generateDebugResources (Thread[#93,Execution worker,5,main]) started.

> Task :geolocator_android:generateDebugResources UP-TO-DATE
Caching disabled for task ':geolocator_android:generateDebugResources' because:
  Build cache is disabled
Skipping task ':geolocator_android:generateDebugResources' as it is up-to-date.
Resolve mutations for :geolocator_android:packageDebugResources (Thread[#93,Execution worker,5,main]) started.
:geolocator_android:packageDebugResources (Thread[#93,Execution worker,5,main]) started.

> Task :geolocator_android:packageDebugResources UP-TO-DATE
Caching disabled for task ':geolocator_android:packageDebugResources' because:
  Build cache is disabled
Skipping task ':geolocator_android:packageDebugResources' as it is up-to-date.
work action resolve packageDebugResources (project :geolocator_android) (Thread[#93,Execution worker,5,main]) started.
Resolve mutations for :image_picker_android:generateDebugResValues (Thread[#93,Execution worker,5,main]) started.
:image_picker_android:generateDebugResValues (Thread[#93,Execution worker,5,main]) started.

> Task :image_picker_android:generateDebugResValues UP-TO-DATE
Caching disabled for task ':image_picker_android:generateDebugResValues' because:
  Build cache is disabled
Skipping task ':image_picker_android:generateDebugResValues' as it is up-to-date.
Resolve mutations for :image_picker_android:generateDebugResources (Thread[#93,Execution worker,5,main]) started.
:image_picker_android:generateDebugResources (Thread[#93,Execution worker,5,main]) started.

> Task :image_picker_android:generateDebugResources UP-TO-DATE
Caching disabled for task ':image_picker_android:generateDebugResources' because:
  Build cache is disabled
Skipping task ':image_picker_android:generateDebugResources' as it is up-to-date.
Resolve mutations for :image_picker_android:packageDebugResources (Thread[#93,Execution worker,5,main]) started.
:image_picker_android:packageDebugResources (Thread[#93,Execution worker,5,main]) started.

> Task :image_picker_android:packageDebugResources UP-TO-DATE
Caching disabled for task ':image_picker_android:packageDebugResources' because:
  Build cache is disabled
Skipping task ':image_picker_android:packageDebugResources' as it is up-to-date.
work action resolve packageDebugResources (project :image_picker_android) (Thread[#93,Execution worker,5,main]) started.
Resolve mutations for :mobile_scanner:generateDebugResValues (Thread[#93,Execution worker,5,main]) started.
:mobile_scanner:generateDebugResValues (Thread[#93,Execution worker,5,main]) started.

> Task :mobile_scanner:generateDebugResValues UP-TO-DATE
Caching disabled for task ':mobile_scanner:generateDebugResValues' because:
  Build cache is disabled
Skipping task ':mobile_scanner:generateDebugResValues' as it is up-to-date.
Resolve mutations for :mobile_scanner:generateDebugResources (Thread[#93,Execution worker,5,main]) started.
:mobile_scanner:generateDebugResources (Thread[#93,Execution worker,5,main]) started.

> Task :mobile_scanner:generateDebugResources UP-TO-DATE
Caching disabled for task ':mobile_scanner:generateDebugResources' because:
  Build cache is disabled
Skipping task ':mobile_scanner:generateDebugResources' as it is up-to-date.
Resolve mutations for :mobile_scanner:packageDebugResources (Thread[#93,Execution worker,5,main]) started.
:mobile_scanner:packageDebugResources (Thread[#93,Execution worker,5,main]) started.

> Task :mobile_scanner:packageDebugResources UP-TO-DATE
Caching disabled for task ':mobile_scanner:packageDebugResources' because:
  Build cache is disabled
Skipping task ':mobile_scanner:packageDebugResources' as it is up-to-date.
work action resolve packageDebugResources (project :mobile_scanner) (Thread[#93,Execution worker,5,main]) started.
Resolve mutations for :onesignal_flutter:generateDebugResValues (Thread[#93,Execution worker,5,main]) started.
:onesignal_flutter:generateDebugResValues (Thread[#93,Execution worker,5,main]) started.

> Task :onesignal_flutter:generateDebugResValues UP-TO-DATE
Caching disabled for task ':onesignal_flutter:generateDebugResValues' because:
  Build cache is disabled
Skipping task ':onesignal_flutter:generateDebugResValues' as it is up-to-date.
Resolve mutations for :onesignal_flutter:generateDebugResources (Thread[#93,Execution worker,5,main]) started.
:onesignal_flutter:generateDebugResources (Thread[#93,Execution worker,5,main]) started.

> Task :onesignal_flutter:generateDebugResources UP-TO-DATE
Caching disabled for task ':onesignal_flutter:generateDebugResources' because:
  Build cache is disabled
Skipping task ':onesignal_flutter:generateDebugResources' as it is up-to-date.
Resolve mutations for :onesignal_flutter:packageDebugResources (Thread[#93,Execution worker,5,main]) started.
:onesignal_flutter:packageDebugResources (Thread[#93,Execution worker,5,main]) started.

> Task :onesignal_flutter:packageDebugResources UP-TO-DATE
Caching disabled for task ':onesignal_flutter:packageDebugResources' because:
  Build cache is disabled
Skipping task ':onesignal_flutter:packageDebugResources' as it is up-to-date.
work action resolve packageDebugResources (project :onesignal_flutter) (Thread[#93,Execution worker,5,main]) started.
Resolve mutations for :path_provider_android:generateDebugResValues (Thread[#93,Execution worker,5,main]) started.
:path_provider_android:generateDebugResValues (Thread[#93,Execution worker,5,main]) started.

> Task :path_provider_android:generateDebugResValues UP-TO-DATE
Caching disabled for task ':path_provider_android:generateDebugResValues' because:
  Build cache is disabled
Skipping task ':path_provider_android:generateDebugResValues' as it is up-to-date.
Resolve mutations for :path_provider_android:generateDebugResources (Thread[#93,Execution worker,5,main]) started.
:path_provider_android:generateDebugResources (Thread[#93,Execution worker,5,main]) started.

> Task :path_provider_android:generateDebugResources UP-TO-DATE
Caching disabled for task ':path_provider_android:generateDebugResources' because:
  Build cache is disabled
Skipping task ':path_provider_android:generateDebugResources' as it is up-to-date.
Resolve mutations for :path_provider_android:packageDebugResources (Thread[#93,Execution worker,5,main]) started.
:path_provider_android:packageDebugResources (Thread[#93,Execution worker,5,main]) started.

> Task :path_provider_android:packageDebugResources UP-TO-DATE
Caching disabled for task ':path_provider_android:packageDebugResources' because:
  Build cache is disabled
Skipping task ':path_provider_android:packageDebugResources' as it is up-to-date.
work action resolve packageDebugResources (project :path_provider_android) (Thread[#93,Execution worker,5,main]) started.
Resolve mutations for :permission_handler_android:generateDebugResValues (Thread[#93,Execution worker,5,main]) started.
:permission_handler_android:generateDebugResValues (Thread[#93,Execution worker,5,main]) started.

> Task :permission_handler_android:generateDebugResValues UP-TO-DATE
Caching disabled for task ':permission_handler_android:generateDebugResValues' because:
  Build cache is disabled
Skipping task ':permission_handler_android:generateDebugResValues' as it is up-to-date.
Resolve mutations for :permission_handler_android:generateDebugResources (Thread[#93,Execution worker,5,main]) started.
:permission_handler_android:generateDebugResources (Thread[#93,Execution worker,5,main]) started.

> Task :permission_handler_android:generateDebugResources UP-TO-DATE
Caching disabled for task ':permission_handler_android:generateDebugResources' because:
  Build cache is disabled
Skipping task ':permission_handler_android:generateDebugResources' as it is up-to-date.
Resolve mutations for :permission_handler_android:packageDebugResources (Thread[#93,Execution worker,5,main]) started.
:permission_handler_android:packageDebugResources (Thread[#93,Execution worker,5,main]) started.

> Task :permission_handler_android:packageDebugResources UP-TO-DATE
Caching disabled for task ':permission_handler_android:packageDebugResources' because:
  Build cache is disabled
Skipping task ':permission_handler_android:packageDebugResources' as it is up-to-date.
work action resolve packageDebugResources (project :permission_handler_android) (Thread[#93,Execution worker,5,main]) started.
Resolve mutations for :shared_preferences_android:generateDebugResValues (Thread[#93,Execution worker,5,main]) started.
:shared_preferences_android:generateDebugResValues (Thread[#93,Execution worker,5,main]) started.

> Task :shared_preferences_android:generateDebugResValues UP-TO-DATE
Caching disabled for task ':shared_preferences_android:generateDebugResValues' because:
  Build cache is disabled
Skipping task ':shared_preferences_android:generateDebugResValues' as it is up-to-date.
Resolve mutations for :shared_preferences_android:generateDebugResources (Thread[#93,Execution worker,5,main]) started.
:shared_preferences_android:generateDebugResources (Thread[#93,Execution worker,5,main]) started.

> Task :shared_preferences_android:generateDebugResources UP-TO-DATE
Caching disabled for task ':shared_preferences_android:generateDebugResources' because:
  Build cache is disabled
Skipping task ':shared_preferences_android:generateDebugResources' as it is up-to-date.
Resolve mutations for :shared_preferences_android:packageDebugResources (Thread[#93,Execution worker,5,main]) started.
:shared_preferences_android:packageDebugResources (Thread[#93,Execution worker,5,main]) started.

> Task :shared_preferences_android:packageDebugResources UP-TO-DATE
Caching disabled for task ':shared_preferences_android:packageDebugResources' because:
  Build cache is disabled
Skipping task ':shared_preferences_android:packageDebugResources' as it is up-to-date.
work action resolve packageDebugResources (project :shared_preferences_android) (Thread[#93,Execution worker,5,main]) started.
Resolve mutations for :sqflite_android:generateDebugResValues (Thread[#93,Execution worker,5,main]) started.
:sqflite_android:generateDebugResValues (Thread[#93,Execution worker,5,main]) started.

> Task :sqflite_android:generateDebugResValues UP-TO-DATE
Caching disabled for task ':sqflite_android:generateDebugResValues' because:
  Build cache is disabled
Skipping task ':sqflite_android:generateDebugResValues' as it is up-to-date.
Resolve mutations for :sqflite_android:generateDebugResources (Thread[#93,Execution worker,5,main]) started.
:sqflite_android:generateDebugResources (Thread[#93,Execution worker,5,main]) started.

> Task :sqflite_android:generateDebugResources UP-TO-DATE
Caching disabled for task ':sqflite_android:generateDebugResources' because:
  Build cache is disabled
Skipping task ':sqflite_android:generateDebugResources' as it is up-to-date.
Resolve mutations for :sqflite_android:packageDebugResources (Thread[#93,Execution worker,5,main]) started.
:sqflite_android:packageDebugResources (Thread[#93,Execution worker,5,main]) started.

> Task :sqflite_android:packageDebugResources UP-TO-DATE
Caching disabled for task ':sqflite_android:packageDebugResources' because:
  Build cache is disabled
Skipping task ':sqflite_android:packageDebugResources' as it is up-to-date.
work action resolve packageDebugResources (project :sqflite_android) (Thread[#93,Execution worker,5,main]) started.
Resolve mutations for :url_launcher_android:generateDebugResValues (Thread[#93,Execution worker,5,main]) started.
:url_launcher_android:generateDebugResValues (Thread[#93,Execution worker,5,main]) started.

> Task :url_launcher_android:generateDebugResValues UP-TO-DATE
Caching disabled for task ':url_launcher_android:generateDebugResValues' because:
  Build cache is disabled
Skipping task ':url_launcher_android:generateDebugResValues' as it is up-to-date.
Resolve mutations for :url_launcher_android:generateDebugResources (Thread[#93,Execution worker,5,main]) started.
:url_launcher_android:generateDebugResources (Thread[#93,Execution worker,5,main]) started.

> Task :url_launcher_android:generateDebugResources UP-TO-DATE
Caching disabled for task ':url_launcher_android:generateDebugResources' because:
  Build cache is disabled
Skipping task ':url_launcher_android:generateDebugResources' as it is up-to-date.
Resolve mutations for :url_launcher_android:packageDebugResources (Thread[#93,Execution worker,5,main]) started.
:url_launcher_android:packageDebugResources (Thread[#93,Execution worker,5,main]) started.

> Task :url_launcher_android:packageDebugResources UP-TO-DATE
Caching disabled for task ':url_launcher_android:packageDebugResources' because:
  Build cache is disabled
Skipping task ':url_launcher_android:packageDebugResources' as it is up-to-date.
work action resolve packageDebugResources (project :url_launcher_android) (Thread[#93,Execution worker,5,main]) started.
Resolve mutations for :webview_flutter_android:generateDebugResValues (Thread[#93,Execution worker,5,main]) started.
:webview_flutter_android:generateDebugResValues (Thread[#93,Execution worker,5,main]) started.

> Task :webview_flutter_android:generateDebugResValues UP-TO-DATE
Caching disabled for task ':webview_flutter_android:generateDebugResValues' because:
  Build cache is disabled
Skipping task ':webview_flutter_android:generateDebugResValues' as it is up-to-date.
Resolve mutations for :webview_flutter_android:generateDebugResources (Thread[#93,Execution worker,5,main]) started.
:webview_flutter_android:generateDebugResources (Thread[#93,Execution worker,5,main]) started.

> Task :webview_flutter_android:generateDebugResources UP-TO-DATE
Caching disabled for task ':webview_flutter_android:generateDebugResources' because:
  Build cache is disabled
Skipping task ':webview_flutter_android:generateDebugResources' as it is up-to-date.
Resolve mutations for :webview_flutter_android:packageDebugResources (Thread[#93,Execution worker,5,main]) started.
:webview_flutter_android:packageDebugResources (Thread[#93,Execution worker,5,main]) started.

> Task :webview_flutter_android:packageDebugResources UP-TO-DATE
Caching disabled for task ':webview_flutter_android:packageDebugResources' because:
  Build cache is disabled
Skipping task ':webview_flutter_android:packageDebugResources' as it is up-to-date.
work action resolve packageDebugResources (project :webview_flutter_android) (Thread[#93,Execution worker,5,main]) started.
Resolve mutations for :yandex_maps_mapkit:generateDebugResValues (Thread[#93,Execution worker,5,main]) started.
:yandex_maps_mapkit:generateDebugResValues (Thread[#93,Execution worker,5,main]) started.

> Task :yandex_maps_mapkit:generateDebugResValues UP-TO-DATE
Caching disabled for task ':yandex_maps_mapkit:generateDebugResValues' because:
  Build cache is disabled
Skipping task ':yandex_maps_mapkit:generateDebugResValues' as it is up-to-date.
Resolve mutations for :yandex_maps_mapkit:generateDebugResources (Thread[#93,Execution worker,5,main]) started.
:yandex_maps_mapkit:generateDebugResources (Thread[#93,Execution worker,5,main]) started.

> Task :yandex_maps_mapkit:generateDebugResources UP-TO-DATE
Caching disabled for task ':yandex_maps_mapkit:generateDebugResources' because:
  Build cache is disabled
Skipping task ':yandex_maps_mapkit:generateDebugResources' as it is up-to-date.
Resolve mutations for :yandex_maps_mapkit:packageDebugResources (Thread[#93,Execution worker,5,main]) started.
:yandex_maps_mapkit:packageDebugResources (Thread[#93,Execution worker,5,main]) started.

> Task :yandex_maps_mapkit:packageDebugResources UP-TO-DATE
Caching disabled for task ':yandex_maps_mapkit:packageDebugResources' because:
  Build cache is disabled
Skipping task ':yandex_maps_mapkit:packageDebugResources' as it is up-to-date.
work action resolve packageDebugResources (project :yandex_maps_mapkit) (Thread[#93,Execution worker,5,main]) started.
Resolve mutations for :app:mapDebugSourceSetPaths (Thread[#93,Execution worker,5,main]) started.
:app:mapDebugSourceSetPaths (Thread[#93,Execution worker,5,main]) started.

> Task :app:mapDebugSourceSetPaths UP-TO-DATE
Caching disabled for task ':app:mapDebugSourceSetPaths' because:
  Build cache is disabled
  Caching has been disabled for the task
Skipping task ':app:mapDebugSourceSetPaths' as it is up-to-date.
Resolve mutations for :app:generateDebugResources (Thread[#93,Execution worker,5,main]) started.
:app:generateDebugResources (Thread[#93,Execution worker,5,main]) started.

> Task :app:generateDebugResources UP-TO-DATE
Caching disabled for task ':app:generateDebugResources' because:
  Build cache is disabled
Skipping task ':app:generateDebugResources' as it is up-to-date.
Resolve mutations for :app:mergeDebugResources (Thread[#93,Execution worker,5,main]) started.
:app:mergeDebugResources (Thread[#93,Execution worker,5,main]) started.

> Task :app:mergeDebugResources UP-TO-DATE
Caching disabled for task ':app:mergeDebugResources' because:
  Build cache is disabled
Skipping task ':app:mergeDebugResources' as it is up-to-date.
Resolve mutations for :app:packageDebugResources (Thread[#93,Execution worker,5,main]) started.
:app:packageDebugResources (Thread[#93,Execution worker,5,main]) started.

> Task :app:packageDebugResources UP-TO-DATE
Caching disabled for task ':app:packageDebugResources' because:
  Build cache is disabled
Skipping task ':app:packageDebugResources' as it is up-to-date.
Resolve mutations for :app:parseDebugLocalResources (Thread[#93,Execution worker,5,main]) started.
:app:parseDebugLocalResources (Thread[#93,Execution worker,5,main]) started.

> Task :app:parseDebugLocalResources UP-TO-DATE
Caching disabled for task ':app:parseDebugLocalResources' because:
  Build cache is disabled
Skipping task ':app:parseDebugLocalResources' as it is up-to-date.
Resolve mutations for :app:createDebugCompatibleScreenManifests (Thread[#93,Execution worker,5,main]) started.
:app:createDebugCompatibleScreenManifests (Thread[#93,Execution worker,5,main]) started.

> Task :app:createDebugCompatibleScreenManifests UP-TO-DATE
Caching disabled for task ':app:createDebugCompatibleScreenManifests' because:
  Build cache is disabled
  Caching has been disabled for the task
Skipping task ':app:createDebugCompatibleScreenManifests' as it is up-to-date.
Resolve mutations for :app:extractDeepLinksDebug (Thread[#93,Execution worker,5,main]) started.
:app:extractDeepLinksDebug (Thread[#93,Execution worker,5,main]) started.

> Task :app:extractDeepLinksDebug UP-TO-DATE
Caching disabled for task ':app:extractDeepLinksDebug' because:
  Build cache is disabled
Skipping task ':app:extractDeepLinksDebug' as it is up-to-date.
Resolve mutations for :flutter_plugin_android_lifecycle:extractDeepLinksDebug (Thread[#93,Execution worker,5,main]) started.
:flutter_plugin_android_lifecycle:extractDeepLinksDebug (Thread[#93,Execution worker,5,main]) started.

> Task :flutter_plugin_android_lifecycle:extractDeepLinksDebug UP-TO-DATE
Caching disabled for task ':flutter_plugin_android_lifecycle:extractDeepLinksDebug' because:
  Build cache is disabled
Skipping task ':flutter_plugin_android_lifecycle:extractDeepLinksDebug' as it is up-to-date.
work action resolve navigation.json (project :flutter_plugin_android_lifecycle) (Thread[#93,Execution worker,5,main]) started.
Resolve mutations for :flutter_plugin_android_lifecycle:processDebugManifest (Thread[#93,Execution worker,5,main]) started.
:flutter_plugin_android_lifecycle:processDebugManifest (Thread[#93,Execution worker,5,main]) started.

> Task :flutter_plugin_android_lifecycle:processDebugManifest UP-TO-DATE
Caching disabled for task ':flutter_plugin_android_lifecycle:processDebugManifest' because:
  Build cache is disabled
Skipping task ':flutter_plugin_android_lifecycle:processDebugManifest' as it is up-to-date.
work action resolve AndroidManifest.xml (project :flutter_plugin_android_lifecycle) (Thread[#93,Execution worker,5,main]) started.
Resolve mutations for :flutter_secure_storage:extractDeepLinksDebug (Thread[#93,Execution worker,5,main]) started.
:flutter_secure_storage:extractDeepLinksDebug (Thread[#93,Execution worker,5,main]) started.

> Task :flutter_secure_storage:extractDeepLinksDebug UP-TO-DATE
Caching disabled for task ':flutter_secure_storage:extractDeepLinksDebug' because:
  Build cache is disabled
Skipping task ':flutter_secure_storage:extractDeepLinksDebug' as it is up-to-date.
work action resolve navigation.json (project :flutter_secure_storage) (Thread[#93,Execution worker,5,main]) started.
Resolve mutations for :flutter_secure_storage:processDebugManifest (Thread[#93,Execution worker,5,main]) started.
:flutter_secure_storage:processDebugManifest (Thread[#93,Execution worker,5,main]) started.

> Task :flutter_secure_storage:processDebugManifest UP-TO-DATE
Caching disabled for task ':flutter_secure_storage:processDebugManifest' because:
  Build cache is disabled
Skipping task ':flutter_secure_storage:processDebugManifest' as it is up-to-date.
work action resolve AndroidManifest.xml (project :flutter_secure_storage) (Thread[#93,Execution worker,5,main]) started.
Resolve mutations for :geocoding_android:extractDeepLinksDebug (Thread[#93,Execution worker,5,main]) started.
:geocoding_android:extractDeepLinksDebug (Thread[#93,Execution worker,5,main]) started.

> Task :geocoding_android:extractDeepLinksDebug UP-TO-DATE
Caching disabled for task ':geocoding_android:extractDeepLinksDebug' because:
  Build cache is disabled
Skipping task ':geocoding_android:extractDeepLinksDebug' as it is up-to-date.
work action resolve navigation.json (project :geocoding_android) (Thread[#93,Execution worker,5,main]) started.
Resolve mutations for :geocoding_android:processDebugManifest (Thread[#93,Execution worker,5,main]) started.
:geocoding_android:processDebugManifest (Thread[#93,Execution worker,5,main]) started.

> Task :geocoding_android:processDebugManifest UP-TO-DATE
Caching disabled for task ':geocoding_android:processDebugManifest' because:
  Build cache is disabled
Skipping task ':geocoding_android:processDebugManifest' as it is up-to-date.
work action resolve AndroidManifest.xml (project :geocoding_android) (Thread[#93,Execution worker,5,main]) started.
Resolve mutations for :geolocator_android:extractDeepLinksDebug (Thread[#93,Execution worker,5,main]) started.
:geolocator_android:extractDeepLinksDebug (Thread[#93,Execution worker,5,main]) started.

> Task :geolocator_android:extractDeepLinksDebug UP-TO-DATE
Caching disabled for task ':geolocator_android:extractDeepLinksDebug' because:
  Build cache is disabled
Skipping task ':geolocator_android:extractDeepLinksDebug' as it is up-to-date.
work action resolve navigation.json (project :geolocator_android) (Thread[#93,Execution worker,5,main]) started.
Resolve mutations for :geolocator_android:processDebugManifest (Thread[#93,Execution worker,5,main]) started.
:geolocator_android:processDebugManifest (Thread[#93,Execution worker,5,main]) started.

> Task :geolocator_android:processDebugManifest UP-TO-DATE
Caching disabled for task ':geolocator_android:processDebugManifest' because:
  Build cache is disabled
Skipping task ':geolocator_android:processDebugManifest' as it is up-to-date.
work action resolve AndroidManifest.xml (project :geolocator_android) (Thread[#93,Execution worker,5,main]) started.
Resolve mutations for :image_picker_android:extractDeepLinksDebug (Thread[#93,Execution worker,5,main]) started.
:image_picker_android:extractDeepLinksDebug (Thread[#93,Execution worker,5,main]) started.

> Task :image_picker_android:extractDeepLinksDebug UP-TO-DATE
Caching disabled for task ':image_picker_android:extractDeepLinksDebug' because:
  Build cache is disabled
Skipping task ':image_picker_android:extractDeepLinksDebug' as it is up-to-date.
work action resolve navigation.json (project :image_picker_android) (Thread[#93,Execution worker,5,main]) started.
Resolve mutations for :image_picker_android:processDebugManifest (Thread[#93,Execution worker,5,main]) started.
:image_picker_android:processDebugManifest (Thread[#93,Execution worker,5,main]) started.

> Task :image_picker_android:processDebugManifest UP-TO-DATE
Caching disabled for task ':image_picker_android:processDebugManifest' because:
  Build cache is disabled
Skipping task ':image_picker_android:processDebugManifest' as it is up-to-date.
work action resolve AndroidManifest.xml (project :image_picker_android) (Thread[#93,Execution worker,5,main]) started.
Resolve mutations for :mobile_scanner:extractDeepLinksDebug (Thread[#93,Execution worker,5,main]) started.
:mobile_scanner:extractDeepLinksDebug (Thread[#93,Execution worker,5,main]) started.

> Task :mobile_scanner:extractDeepLinksDebug UP-TO-DATE
Caching disabled for task ':mobile_scanner:extractDeepLinksDebug' because:
  Build cache is disabled
Skipping task ':mobile_scanner:extractDeepLinksDebug' as it is up-to-date.
work action resolve navigation.json (project :mobile_scanner) (Thread[#93,Execution worker,5,main]) started.
Resolve mutations for :mobile_scanner:processDebugManifest (Thread[#93,Execution worker,5,main]) started.
:mobile_scanner:processDebugManifest (Thread[#93,Execution worker,5,main]) started.

> Task :mobile_scanner:processDebugManifest UP-TO-DATE
Caching disabled for task ':mobile_scanner:processDebugManifest' because:
  Build cache is disabled
Skipping task ':mobile_scanner:processDebugManifest' as it is up-to-date.
work action resolve AndroidManifest.xml (project :mobile_scanner) (Thread[#93,Execution worker,5,main]) started.
Resolve mutations for :onesignal_flutter:extractDeepLinksDebug (Thread[#93,Execution worker,5,main]) started.
:onesignal_flutter:extractDeepLinksDebug (Thread[#93,Execution worker,5,main]) started.

> Task :onesignal_flutter:extractDeepLinksDebug UP-TO-DATE
Caching disabled for task ':onesignal_flutter:extractDeepLinksDebug' because:
  Build cache is disabled
Skipping task ':onesignal_flutter:extractDeepLinksDebug' as it is up-to-date.
work action resolve navigation.json (project :onesignal_flutter) (Thread[#93,Execution worker,5,main]) started.
Resolve mutations for :onesignal_flutter:processDebugManifest (Thread[#93,Execution worker,5,main]) started.
:onesignal_flutter:processDebugManifest (Thread[#93,Execution worker,5,main]) started.

> Task :onesignal_flutter:processDebugManifest UP-TO-DATE
Caching disabled for task ':onesignal_flutter:processDebugManifest' because:
  Build cache is disabled
Skipping task ':onesignal_flutter:processDebugManifest' as it is up-to-date.
work action resolve AndroidManifest.xml (project :onesignal_flutter) (Thread[#93,Execution worker,5,main]) started.
Resolve mutations for :path_provider_android:extractDeepLinksDebug (Thread[#93,Execution worker,5,main]) started.
:path_provider_android:extractDeepLinksDebug (Thread[#93,Execution worker,5,main]) started.

> Task :path_provider_android:extractDeepLinksDebug UP-TO-DATE
Caching disabled for task ':path_provider_android:extractDeepLinksDebug' because:
  Build cache is disabled
Skipping task ':path_provider_android:extractDeepLinksDebug' as it is up-to-date.
work action resolve navigation.json (project :path_provider_android) (Thread[#93,Execution worker,5,main]) started.
Resolve mutations for :path_provider_android:processDebugManifest (Thread[#93,Execution worker,5,main]) started.
:path_provider_android:processDebugManifest (Thread[#93,Execution worker,5,main]) started.

> Task :path_provider_android:processDebugManifest UP-TO-DATE
Caching disabled for task ':path_provider_android:processDebugManifest' because:
  Build cache is disabled
Skipping task ':path_provider_android:processDebugManifest' as it is up-to-date.
work action resolve AndroidManifest.xml (project :path_provider_android) (Thread[#93,Execution worker,5,main]) started.
Resolve mutations for :permission_handler_android:extractDeepLinksDebug (Thread[#93,Execution worker,5,main]) started.
:permission_handler_android:extractDeepLinksDebug (Thread[#93,Execution worker,5,main]) started.

> Task :permission_handler_android:extractDeepLinksDebug UP-TO-DATE
Caching disabled for task ':permission_handler_android:extractDeepLinksDebug' because:
  Build cache is disabled
Skipping task ':permission_handler_android:extractDeepLinksDebug' as it is up-to-date.
work action resolve navigation.json (project :permission_handler_android) (Thread[#93,Execution worker,5,main]) started.
Resolve mutations for :permission_handler_android:processDebugManifest (Thread[#93,Execution worker,5,main]) started.
:permission_handler_android:processDebugManifest (Thread[#93,Execution worker,5,main]) started.

> Task :permission_handler_android:processDebugManifest UP-TO-DATE
Caching disabled for task ':permission_handler_android:processDebugManifest' because:
  Build cache is disabled
Skipping task ':permission_handler_android:processDebugManifest' as it is up-to-date.
work action resolve AndroidManifest.xml (project :permission_handler_android) (Thread[#93,Execution worker,5,main]) started.
Resolve mutations for :shared_preferences_android:extractDeepLinksDebug (Thread[#93,Execution worker,5,main]) started.
:shared_preferences_android:extractDeepLinksDebug (Thread[#93,Execution worker,5,main]) started.

> Task :shared_preferences_android:extractDeepLinksDebug UP-TO-DATE
Caching disabled for task ':shared_preferences_android:extractDeepLinksDebug' because:
  Build cache is disabled
Skipping task ':shared_preferences_android:extractDeepLinksDebug' as it is up-to-date.
work action resolve navigation.json (project :shared_preferences_android) (Thread[#93,Execution worker,5,main]) started.
Resolve mutations for :shared_preferences_android:processDebugManifest (Thread[#93,Execution worker,5,main]) started.
:shared_preferences_android:processDebugManifest (Thread[#93,Execution worker,5,main]) started.

> Task :shared_preferences_android:processDebugManifest UP-TO-DATE
Caching disabled for task ':shared_preferences_android:processDebugManifest' because:
  Build cache is disabled
Skipping task ':shared_preferences_android:processDebugManifest' as it is up-to-date.
work action resolve AndroidManifest.xml (project :shared_preferences_android) (Thread[#93,Execution worker,5,main]) started.
Resolve mutations for :sqflite_android:extractDeepLinksDebug (Thread[#93,Execution worker,5,main]) started.
:sqflite_android:extractDeepLinksDebug (Thread[#93,Execution worker,5,main]) started.

> Task :sqflite_android:extractDeepLinksDebug UP-TO-DATE
Caching disabled for task ':sqflite_android:extractDeepLinksDebug' because:
  Build cache is disabled
Skipping task ':sqflite_android:extractDeepLinksDebug' as it is up-to-date.
work action resolve navigation.json (project :sqflite_android) (Thread[#93,Execution worker,5,main]) started.
Resolve mutations for :sqflite_android:processDebugManifest (Thread[#93,Execution worker,5,main]) started.
:sqflite_android:processDebugManifest (Thread[#93,Execution worker,5,main]) started.

> Task :sqflite_android:processDebugManifest UP-TO-DATE
Caching disabled for task ':sqflite_android:processDebugManifest' because:
  Build cache is disabled
Skipping task ':sqflite_android:processDebugManifest' as it is up-to-date.
work action resolve AndroidManifest.xml (project :sqflite_android) (Thread[#93,Execution worker,5,main]) started.
Resolve mutations for :url_launcher_android:extractDeepLinksDebug (Thread[#93,Execution worker,5,main]) started.
:url_launcher_android:extractDeepLinksDebug (Thread[#93,Execution worker,5,main]) started.

> Task :url_launcher_android:extractDeepLinksDebug UP-TO-DATE
Caching disabled for task ':url_launcher_android:extractDeepLinksDebug' because:
  Build cache is disabled
Skipping task ':url_launcher_android:extractDeepLinksDebug' as it is up-to-date.
work action resolve navigation.json (project :url_launcher_android) (Thread[#93,Execution worker,5,main]) started.
Resolve mutations for :url_launcher_android:processDebugManifest (Thread[#93,Execution worker,5,main]) started.
:url_launcher_android:processDebugManifest (Thread[#93,Execution worker,5,main]) started.

> Task :url_launcher_android:processDebugManifest UP-TO-DATE
Caching disabled for task ':url_launcher_android:processDebugManifest' because:
  Build cache is disabled
Skipping task ':url_launcher_android:processDebugManifest' as it is up-to-date.
work action resolve AndroidManifest.xml (project :url_launcher_android) (Thread[#93,Execution worker,5,main]) started.
Resolve mutations for :webview_flutter_android:extractDeepLinksDebug (Thread[#93,Execution worker,5,main]) started.
:webview_flutter_android:extractDeepLinksDebug (Thread[#93,Execution worker,5,main]) started.

> Task :webview_flutter_android:extractDeepLinksDebug UP-TO-DATE
Caching disabled for task ':webview_flutter_android:extractDeepLinksDebug' because:
  Build cache is disabled
Skipping task ':webview_flutter_android:extractDeepLinksDebug' as it is up-to-date.
work action resolve navigation.json (project :webview_flutter_android) (Thread[#93,Execution worker,5,main]) started.
Resolve mutations for :webview_flutter_android:processDebugManifest (Thread[#93,Execution worker,5,main]) started.
:webview_flutter_android:processDebugManifest (Thread[#93,Execution worker,5,main]) started.

> Task :webview_flutter_android:processDebugManifest UP-TO-DATE
Caching disabled for task ':webview_flutter_android:processDebugManifest' because:
  Build cache is disabled
Skipping task ':webview_flutter_android:processDebugManifest' as it is up-to-date.
work action resolve AndroidManifest.xml (project :webview_flutter_android) (Thread[#93,Execution worker,5,main]) started.
Resolve mutations for :yandex_maps_mapkit:extractDeepLinksDebug (Thread[#93,Execution worker,5,main]) started.
:yandex_maps_mapkit:extractDeepLinksDebug (Thread[#93,Execution worker,5,main]) started.

> Task :yandex_maps_mapkit:extractDeepLinksDebug UP-TO-DATE
Caching disabled for task ':yandex_maps_mapkit:extractDeepLinksDebug' because:
  Build cache is disabled
Skipping task ':yandex_maps_mapkit:extractDeepLinksDebug' as it is up-to-date.
work action resolve navigation.json (project :yandex_maps_mapkit) (Thread[#100,Execution worker Thread 8,5,main]) started.
Resolve mutations for :yandex_maps_mapkit:processDebugManifest (Thread[#100,Execution worker Thread 8,5,main]) started.
:yandex_maps_mapkit:processDebugManifest (Thread[#100,Execution worker Thread 8,5,main]) started.

> Task :yandex_maps_mapkit:processDebugManifest UP-TO-DATE
Caching disabled for task ':yandex_maps_mapkit:processDebugManifest' because:
  Build cache is disabled
Skipping task ':yandex_maps_mapkit:processDebugManifest' as it is up-to-date.
work action resolve AndroidManifest.xml (project :yandex_maps_mapkit) (Thread[#100,Execution worker Thread 8,5,main]) started.
Resolve mutations for :app:processDebugMainManifest (Thread[#100,Execution worker Thread 8,5,main]) started.
:app:processDebugMainManifest (Thread[#100,Execution worker Thread 8,5,main]) started.

> Task :app:processDebugMainManifest UP-TO-DATE
Caching disabled for task ':app:processDebugMainManifest' because:
  Build cache is disabled
Skipping task ':app:processDebugMainManifest' as it is up-to-date.
Resolve mutations for :app:outputDebugAppLinkSettings (Thread[#100,Execution worker Thread 8,5,main]) started.
:app:outputDebugAppLinkSettings (Thread[#100,Execution worker Thread 8,5,main]) started.

> Task :app:outputDebugAppLinkSettings UP-TO-DATE
Caching disabled for task ':app:outputDebugAppLinkSettings' because:
  Build cache is disabled
  Caching has not been enabled for the task
Skipping task ':app:outputDebugAppLinkSettings' as it is up-to-date.
Resolve mutations for :app:processDebugManifest (Thread[#100,Execution worker Thread 8,5,main]) started.
:app:processDebugManifest (Thread[#100,Execution worker Thread 8,5,main]) started.

> Task :app:processDebugManifest UP-TO-DATE
Caching disabled for task ':app:processDebugManifest' because:
  Build cache is disabled
Skipping task ':app:processDebugManifest' as it is up-to-date.
Resolve mutations for :app:processDebugManifestForPackage (Thread[#100,Execution worker Thread 8,5,main]) started.
:app:processDebugManifestForPackage (Thread[#100,Execution worker Thread 8,5,main]) started.

> Task :app:processDebugManifestForPackage UP-TO-DATE
Custom actions are attached to task ':app:processDebugManifestForPackage'.
Caching disabled for task ':app:processDebugManifestForPackage' because:
  Build cache is disabled
Skipping task ':app:processDebugManifestForPackage' as it is up-to-date.
Resolve mutations for :flutter_plugin_android_lifecycle:compileDebugLibraryResources (Thread[#100,Execution worker Thread 8,5,main]) started.
:flutter_plugin_android_lifecycle:compileDebugLibraryResources (Thread[#100,Execution worker Thread 8,5,main]) started.

> Task :flutter_plugin_android_lifecycle:compileDebugLibraryResources UP-TO-DATE
Caching disabled for task ':flutter_plugin_android_lifecycle:compileDebugLibraryResources' because:
  Build cache is disabled
Skipping task ':flutter_plugin_android_lifecycle:compileDebugLibraryResources' as it is up-to-date.
work action resolve out (project :flutter_plugin_android_lifecycle) (Thread[#100,Execution worker Thread 8,5,main]) started.
Resolve mutations for :flutter_plugin_android_lifecycle:parseDebugLocalResources (Thread[#100,Execution worker Thread 8,5,main]) started.
:flutter_plugin_android_lifecycle:parseDebugLocalResources (Thread[#100,Execution worker Thread 8,5,main]) started.

> Task :flutter_plugin_android_lifecycle:parseDebugLocalResources UP-TO-DATE
Caching disabled for task ':flutter_plugin_android_lifecycle:parseDebugLocalResources' because:
  Build cache is disabled
Skipping task ':flutter_plugin_android_lifecycle:parseDebugLocalResources' as it is up-to-date.
Resolve mutations for :flutter_plugin_android_lifecycle:generateDebugRFile (Thread[#100,Execution worker Thread 8,5,main]) started.
:flutter_plugin_android_lifecycle:generateDebugRFile (Thread[#100,Execution worker Thread 8,5,main]) started.

> Task :flutter_plugin_android_lifecycle:generateDebugRFile UP-TO-DATE
Caching disabled for task ':flutter_plugin_android_lifecycle:generateDebugRFile' because:
  Build cache is disabled
Skipping task ':flutter_plugin_android_lifecycle:generateDebugRFile' as it is up-to-date.
work action resolve package-aware-r.txt (project :flutter_plugin_android_lifecycle) (Thread[#100,Execution worker Thread 8,5,main]) started.
Resolve mutations for :flutter_secure_storage:compileDebugLibraryResources (Thread[#100,Execution worker Thread 8,5,main]) started.
:flutter_secure_storage:compileDebugLibraryResources (Thread[#100,Execution worker Thread 8,5,main]) started.

> Task :flutter_secure_storage:compileDebugLibraryResources UP-TO-DATE
Caching disabled for task ':flutter_secure_storage:compileDebugLibraryResources' because:
  Build cache is disabled
Skipping task ':flutter_secure_storage:compileDebugLibraryResources' as it is up-to-date.
work action resolve out (project :flutter_secure_storage) (Thread[#100,Execution worker Thread 8,5,main]) started.
Resolve mutations for :flutter_secure_storage:parseDebugLocalResources (Thread[#100,Execution worker Thread 8,5,main]) started.
:flutter_secure_storage:parseDebugLocalResources (Thread[#100,Execution worker Thread 8,5,main]) started.

> Task :flutter_secure_storage:parseDebugLocalResources UP-TO-DATE
Caching disabled for task ':flutter_secure_storage:parseDebugLocalResources' because:
  Build cache is disabled
Skipping task ':flutter_secure_storage:parseDebugLocalResources' as it is up-to-date.
Resolve mutations for :flutter_secure_storage:generateDebugRFile (Thread[#100,Execution worker Thread 8,5,main]) started.
:flutter_secure_storage:generateDebugRFile (Thread[#100,Execution worker Thread 8,5,main]) started.

> Task :flutter_secure_storage:generateDebugRFile UP-TO-DATE
Caching disabled for task ':flutter_secure_storage:generateDebugRFile' because:
  Build cache is disabled
Skipping task ':flutter_secure_storage:generateDebugRFile' as it is up-to-date.
work action resolve package-aware-r.txt (project :flutter_secure_storage) (Thread[#100,Execution worker Thread 8,5,main]) started.
Resolve mutations for :geocoding_android:compileDebugLibraryResources (Thread[#100,Execution worker Thread 8,5,main]) started.
:geocoding_android:compileDebugLibraryResources (Thread[#100,Execution worker Thread 8,5,main]) started.

> Task :geocoding_android:compileDebugLibraryResources UP-TO-DATE
Caching disabled for task ':geocoding_android:compileDebugLibraryResources' because:
  Build cache is disabled
Skipping task ':geocoding_android:compileDebugLibraryResources' as it is up-to-date.
work action resolve out (project :geocoding_android) (Thread[#100,Execution worker Thread 8,5,main]) started.
Resolve mutations for :geocoding_android:parseDebugLocalResources (Thread[#100,Execution worker Thread 8,5,main]) started.
:geocoding_android:parseDebugLocalResources (Thread[#100,Execution worker Thread 8,5,main]) started.

> Task :geocoding_android:parseDebugLocalResources UP-TO-DATE
Caching disabled for task ':geocoding_android:parseDebugLocalResources' because:
  Build cache is disabled
Skipping task ':geocoding_android:parseDebugLocalResources' as it is up-to-date.
Resolve mutations for :geocoding_android:generateDebugRFile (Thread[#100,Execution worker Thread 8,5,main]) started.
:geocoding_android:generateDebugRFile (Thread[#100,Execution worker Thread 8,5,main]) started.

> Task :geocoding_android:generateDebugRFile UP-TO-DATE
Caching disabled for task ':geocoding_android:generateDebugRFile' because:
  Build cache is disabled
Skipping task ':geocoding_android:generateDebugRFile' as it is up-to-date.
work action resolve package-aware-r.txt (project :geocoding_android) (Thread[#100,Execution worker Thread 8,5,main]) started.
Resolve mutations for :geolocator_android:compileDebugLibraryResources (Thread[#100,Execution worker Thread 8,5,main]) started.
:geolocator_android:compileDebugLibraryResources (Thread[#100,Execution worker Thread 8,5,main]) started.

> Task :geolocator_android:compileDebugLibraryResources UP-TO-DATE
Caching disabled for task ':geolocator_android:compileDebugLibraryResources' because:
  Build cache is disabled
Skipping task ':geolocator_android:compileDebugLibraryResources' as it is up-to-date.
work action resolve out (project :geolocator_android) (Thread[#100,Execution worker Thread 8,5,main]) started.
Resolve mutations for :geolocator_android:parseDebugLocalResources (Thread[#100,Execution worker Thread 8,5,main]) started.
:geolocator_android:parseDebugLocalResources (Thread[#100,Execution worker Thread 8,5,main]) started.

> Task :geolocator_android:parseDebugLocalResources UP-TO-DATE
Caching disabled for task ':geolocator_android:parseDebugLocalResources' because:
  Build cache is disabled
Skipping task ':geolocator_android:parseDebugLocalResources' as it is up-to-date.
Resolve mutations for :geolocator_android:generateDebugRFile (Thread[#100,Execution worker Thread 8,5,main]) started.
:geolocator_android:generateDebugRFile (Thread[#100,Execution worker Thread 8,5,main]) started.

> Task :geolocator_android:generateDebugRFile UP-TO-DATE
Caching disabled for task ':geolocator_android:generateDebugRFile' because:
  Build cache is disabled
Skipping task ':geolocator_android:generateDebugRFile' as it is up-to-date.
work action resolve package-aware-r.txt (project :geolocator_android) (Thread[#100,Execution worker Thread 8,5,main]) started.
Resolve mutations for :image_picker_android:compileDebugLibraryResources (Thread[#100,Execution worker Thread 8,5,main]) started.
:image_picker_android:compileDebugLibraryResources (Thread[#100,Execution worker Thread 8,5,main]) started.

> Task :image_picker_android:compileDebugLibraryResources UP-TO-DATE
Caching disabled for task ':image_picker_android:compileDebugLibraryResources' because:
  Build cache is disabled
Skipping task ':image_picker_android:compileDebugLibraryResources' as it is up-to-date.
work action resolve out (project :image_picker_android) (Thread[#100,Execution worker Thread 8,5,main]) started.
Resolve mutations for :image_picker_android:parseDebugLocalResources (Thread[#100,Execution worker Thread 8,5,main]) started.
:image_picker_android:parseDebugLocalResources (Thread[#100,Execution worker Thread 8,5,main]) started.

> Task :image_picker_android:parseDebugLocalResources UP-TO-DATE
Caching disabled for task ':image_picker_android:parseDebugLocalResources' because:
  Build cache is disabled
Skipping task ':image_picker_android:parseDebugLocalResources' as it is up-to-date.
Resolve mutations for :image_picker_android:generateDebugRFile (Thread[#100,Execution worker Thread 8,5,main]) started.
:image_picker_android:generateDebugRFile (Thread[#100,Execution worker Thread 8,5,main]) started.

> Task :image_picker_android:generateDebugRFile UP-TO-DATE
Caching disabled for task ':image_picker_android:generateDebugRFile' because:
  Build cache is disabled
Skipping task ':image_picker_android:generateDebugRFile' as it is up-to-date.
work action resolve package-aware-r.txt (project :image_picker_android) (Thread[#100,Execution worker Thread 8,5,main]) started.
Resolve mutations for :mobile_scanner:compileDebugLibraryResources (Thread[#100,Execution worker Thread 8,5,main]) started.
:mobile_scanner:compileDebugLibraryResources (Thread[#100,Execution worker Thread 8,5,main]) started.

> Task :mobile_scanner:compileDebugLibraryResources UP-TO-DATE
Caching disabled for task ':mobile_scanner:compileDebugLibraryResources' because:
  Build cache is disabled
Skipping task ':mobile_scanner:compileDebugLibraryResources' as it is up-to-date.
work action resolve out (project :mobile_scanner) (Thread[#100,Execution worker Thread 8,5,main]) started.
Resolve mutations for :mobile_scanner:parseDebugLocalResources (Thread[#100,Execution worker Thread 8,5,main]) started.
:mobile_scanner:parseDebugLocalResources (Thread[#100,Execution worker Thread 8,5,main]) started.

> Task :mobile_scanner:parseDebugLocalResources UP-TO-DATE
Caching disabled for task ':mobile_scanner:parseDebugLocalResources' because:
  Build cache is disabled
Skipping task ':mobile_scanner:parseDebugLocalResources' as it is up-to-date.
Resolve mutations for :mobile_scanner:generateDebugRFile (Thread[#100,Execution worker Thread 8,5,main]) started.
:mobile_scanner:generateDebugRFile (Thread[#100,Execution worker Thread 8,5,main]) started.

> Task :mobile_scanner:generateDebugRFile UP-TO-DATE
Caching disabled for task ':mobile_scanner:generateDebugRFile' because:
  Build cache is disabled
Skipping task ':mobile_scanner:generateDebugRFile' as it is up-to-date.
work action resolve package-aware-r.txt (project :mobile_scanner) (Thread[#100,Execution worker Thread 8,5,main]) started.
Resolve mutations for :onesignal_flutter:compileDebugLibraryResources (Thread[#100,Execution worker Thread 8,5,main]) started.
:onesignal_flutter:compileDebugLibraryResources (Thread[#100,Execution worker Thread 8,5,main]) started.

> Task :onesignal_flutter:compileDebugLibraryResources UP-TO-DATE
Caching disabled for task ':onesignal_flutter:compileDebugLibraryResources' because:
  Build cache is disabled
Skipping task ':onesignal_flutter:compileDebugLibraryResources' as it is up-to-date.
work action resolve out (project :onesignal_flutter) (Thread[#100,Execution worker Thread 8,5,main]) started.
Resolve mutations for :onesignal_flutter:parseDebugLocalResources (Thread[#100,Execution worker Thread 8,5,main]) started.
:onesignal_flutter:parseDebugLocalResources (Thread[#100,Execution worker Thread 8,5,main]) started.

> Task :onesignal_flutter:parseDebugLocalResources UP-TO-DATE
Caching disabled for task ':onesignal_flutter:parseDebugLocalResources' because:
  Build cache is disabled
Skipping task ':onesignal_flutter:parseDebugLocalResources' as it is up-to-date.
Resolve mutations for :onesignal_flutter:generateDebugRFile (Thread[#100,Execution worker Thread 8,5,main]) started.
:onesignal_flutter:generateDebugRFile (Thread[#100,Execution worker Thread 8,5,main]) started.

> Task :onesignal_flutter:generateDebugRFile UP-TO-DATE
Caching disabled for task ':onesignal_flutter:generateDebugRFile' because:
  Build cache is disabled
Skipping task ':onesignal_flutter:generateDebugRFile' as it is up-to-date.
work action resolve package-aware-r.txt (project :onesignal_flutter) (Thread[#100,Execution worker Thread 8,5,main]) started.
Resolve mutations for :path_provider_android:compileDebugLibraryResources (Thread[#100,Execution worker Thread 8,5,main]) started.
:path_provider_android:compileDebugLibraryResources (Thread[#100,Execution worker Thread 8,5,main]) started.

> Task :path_provider_android:compileDebugLibraryResources UP-TO-DATE
Caching disabled for task ':path_provider_android:compileDebugLibraryResources' because:
  Build cache is disabled
Skipping task ':path_provider_android:compileDebugLibraryResources' as it is up-to-date.
work action resolve out (project :path_provider_android) (Thread[#100,Execution worker Thread 8,5,main]) started.
Resolve mutations for :path_provider_android:parseDebugLocalResources (Thread[#100,Execution worker Thread 8,5,main]) started.
:path_provider_android:parseDebugLocalResources (Thread[#100,Execution worker Thread 8,5,main]) started.

> Task :path_provider_android:parseDebugLocalResources UP-TO-DATE
Caching disabled for task ':path_provider_android:parseDebugLocalResources' because:
  Build cache is disabled
Skipping task ':path_provider_android:parseDebugLocalResources' as it is up-to-date.
Resolve mutations for :path_provider_android:generateDebugRFile (Thread[#100,Execution worker Thread 8,5,main]) started.
:path_provider_android:generateDebugRFile (Thread[#100,Execution worker Thread 8,5,main]) started.

> Task :path_provider_android:generateDebugRFile UP-TO-DATE
Caching disabled for task ':path_provider_android:generateDebugRFile' because:
  Build cache is disabled
Skipping task ':path_provider_android:generateDebugRFile' as it is up-to-date.
work action resolve package-aware-r.txt (project :path_provider_android) (Thread[#100,Execution worker Thread 8,5,main]) started.
Resolve mutations for :permission_handler_android:compileDebugLibraryResources (Thread[#100,Execution worker Thread 8,5,main]) started.
:permission_handler_android:compileDebugLibraryResources (Thread[#100,Execution worker Thread 8,5,main]) started.

> Task :permission_handler_android:compileDebugLibraryResources UP-TO-DATE
Caching disabled for task ':permission_handler_android:compileDebugLibraryResources' because:
  Build cache is disabled
Skipping task ':permission_handler_android:compileDebugLibraryResources' as it is up-to-date.
work action resolve out (project :permission_handler_android) (Thread[#100,Execution worker Thread 8,5,main]) started.
Resolve mutations for :permission_handler_android:parseDebugLocalResources (Thread[#100,Execution worker Thread 8,5,main]) started.
:permission_handler_android:parseDebugLocalResources (Thread[#100,Execution worker Thread 8,5,main]) started.

> Task :permission_handler_android:parseDebugLocalResources UP-TO-DATE
Caching disabled for task ':permission_handler_android:parseDebugLocalResources' because:
  Build cache is disabled
Skipping task ':permission_handler_android:parseDebugLocalResources' as it is up-to-date.
Resolve mutations for :permission_handler_android:generateDebugRFile (Thread[#100,Execution worker Thread 8,5,main]) started.
:permission_handler_android:generateDebugRFile (Thread[#100,Execution worker Thread 8,5,main]) started.

> Task :permission_handler_android:generateDebugRFile UP-TO-DATE
Caching disabled for task ':permission_handler_android:generateDebugRFile' because:
  Build cache is disabled
Skipping task ':permission_handler_android:generateDebugRFile' as it is up-to-date.
work action resolve package-aware-r.txt (project :permission_handler_android) (Thread[#100,Execution worker Thread 8,5,main]) started.
Resolve mutations for :shared_preferences_android:compileDebugLibraryResources (Thread[#100,Execution worker Thread 8,5,main]) started.
:shared_preferences_android:compileDebugLibraryResources (Thread[#100,Execution worker Thread 8,5,main]) started.

> Task :shared_preferences_android:compileDebugLibraryResources UP-TO-DATE
Caching disabled for task ':shared_preferences_android:compileDebugLibraryResources' because:
  Build cache is disabled
Skipping task ':shared_preferences_android:compileDebugLibraryResources' as it is up-to-date.
work action resolve out (project :shared_preferences_android) (Thread[#100,Execution worker Thread 8,5,main]) started.
Resolve mutations for :shared_preferences_android:parseDebugLocalResources (Thread[#100,Execution worker Thread 8,5,main]) started.
:shared_preferences_android:parseDebugLocalResources (Thread[#100,Execution worker Thread 8,5,main]) started.

> Task :shared_preferences_android:parseDebugLocalResources UP-TO-DATE
Caching disabled for task ':shared_preferences_android:parseDebugLocalResources' because:
  Build cache is disabled
Skipping task ':shared_preferences_android:parseDebugLocalResources' as it is up-to-date.
Resolve mutations for :shared_preferences_android:generateDebugRFile (Thread[#100,Execution worker Thread 8,5,main]) started.
:shared_preferences_android:generateDebugRFile (Thread[#100,Execution worker Thread 8,5,main]) started.

> Task :shared_preferences_android:generateDebugRFile UP-TO-DATE
Caching disabled for task ':shared_preferences_android:generateDebugRFile' because:
  Build cache is disabled
Skipping task ':shared_preferences_android:generateDebugRFile' as it is up-to-date.
work action resolve package-aware-r.txt (project :shared_preferences_android) (Thread[#100,Execution worker Thread 8,5,main]) started.
Resolve mutations for :sqflite_android:compileDebugLibraryResources (Thread[#100,Execution worker Thread 8,5,main]) started.
:sqflite_android:compileDebugLibraryResources (Thread[#100,Execution worker Thread 8,5,main]) started.

> Task :sqflite_android:compileDebugLibraryResources UP-TO-DATE
Caching disabled for task ':sqflite_android:compileDebugLibraryResources' because:
  Build cache is disabled
Skipping task ':sqflite_android:compileDebugLibraryResources' as it is up-to-date.
work action resolve out (project :sqflite_android) (Thread[#100,Execution worker Thread 8,5,main]) started.
Resolve mutations for :sqflite_android:parseDebugLocalResources (Thread[#100,Execution worker Thread 8,5,main]) started.
:sqflite_android:parseDebugLocalResources (Thread[#100,Execution worker Thread 8,5,main]) started.

> Task :sqflite_android:parseDebugLocalResources UP-TO-DATE
Caching disabled for task ':sqflite_android:parseDebugLocalResources' because:
  Build cache is disabled
Skipping task ':sqflite_android:parseDebugLocalResources' as it is up-to-date.
Resolve mutations for :sqflite_android:generateDebugRFile (Thread[#100,Execution worker Thread 8,5,main]) started.
:sqflite_android:generateDebugRFile (Thread[#100,Execution worker Thread 8,5,main]) started.

> Task :sqflite_android:generateDebugRFile UP-TO-DATE
Caching disabled for task ':sqflite_android:generateDebugRFile' because:
  Build cache is disabled
Skipping task ':sqflite_android:generateDebugRFile' as it is up-to-date.
work action resolve package-aware-r.txt (project :sqflite_android) (Thread[#100,Execution worker Thread 8,5,main]) started.
Resolve mutations for :url_launcher_android:compileDebugLibraryResources (Thread[#100,Execution worker Thread 8,5,main]) started.
:url_launcher_android:compileDebugLibraryResources (Thread[#100,Execution worker Thread 8,5,main]) started.

> Task :url_launcher_android:compileDebugLibraryResources UP-TO-DATE
Caching disabled for task ':url_launcher_android:compileDebugLibraryResources' because:
  Build cache is disabled
Skipping task ':url_launcher_android:compileDebugLibraryResources' as it is up-to-date.
work action resolve out (project :url_launcher_android) (Thread[#100,Execution worker Thread 8,5,main]) started.
Resolve mutations for :url_launcher_android:parseDebugLocalResources (Thread[#99,Execution worker Thread 7,5,main]) started.
:url_launcher_android:parseDebugLocalResources (Thread[#99,Execution worker Thread 7,5,main]) started.

> Task :url_launcher_android:parseDebugLocalResources UP-TO-DATE
Caching disabled for task ':url_launcher_android:parseDebugLocalResources' because:
  Build cache is disabled
Skipping task ':url_launcher_android:parseDebugLocalResources' as it is up-to-date.
Resolve mutations for :url_launcher_android:generateDebugRFile (Thread[#99,Execution worker Thread 7,5,main]) started.
:url_launcher_android:generateDebugRFile (Thread[#99,Execution worker Thread 7,5,main]) started.

> Task :url_launcher_android:generateDebugRFile UP-TO-DATE
Caching disabled for task ':url_launcher_android:generateDebugRFile' because:
  Build cache is disabled
Skipping task ':url_launcher_android:generateDebugRFile' as it is up-to-date.
work action resolve package-aware-r.txt (project :url_launcher_android) (Thread[#99,Execution worker Thread 7,5,main]) started.
Resolve mutations for :webview_flutter_android:compileDebugLibraryResources (Thread[#99,Execution worker Thread 7,5,main]) started.
:webview_flutter_android:compileDebugLibraryResources (Thread[#99,Execution worker Thread 7,5,main]) started.

> Task :webview_flutter_android:compileDebugLibraryResources UP-TO-DATE
Caching disabled for task ':webview_flutter_android:compileDebugLibraryResources' because:
  Build cache is disabled
Skipping task ':webview_flutter_android:compileDebugLibraryResources' as it is up-to-date.
work action resolve out (project :webview_flutter_android) (Thread[#99,Execution worker Thread 7,5,main]) started.
Resolve mutations for :webview_flutter_android:parseDebugLocalResources (Thread[#99,Execution worker Thread 7,5,main]) started.
:webview_flutter_android:parseDebugLocalResources (Thread[#99,Execution worker Thread 7,5,main]) started.

> Task :webview_flutter_android:parseDebugLocalResources UP-TO-DATE
Caching disabled for task ':webview_flutter_android:parseDebugLocalResources' because:
  Build cache is disabled
Skipping task ':webview_flutter_android:parseDebugLocalResources' as it is up-to-date.
Resolve mutations for :webview_flutter_android:generateDebugRFile (Thread[#99,Execution worker Thread 7,5,main]) started.
:webview_flutter_android:generateDebugRFile (Thread[#99,Execution worker Thread 7,5,main]) started.

> Task :webview_flutter_android:generateDebugRFile UP-TO-DATE
Caching disabled for task ':webview_flutter_android:generateDebugRFile' because:
  Build cache is disabled
Skipping task ':webview_flutter_android:generateDebugRFile' as it is up-to-date.
work action resolve package-aware-r.txt (project :webview_flutter_android) (Thread[#99,Execution worker Thread 7,5,main]) started.
Resolve mutations for :yandex_maps_mapkit:compileDebugLibraryResources (Thread[#99,Execution worker Thread 7,5,main]) started.
:yandex_maps_mapkit:compileDebugLibraryResources (Thread[#99,Execution worker Thread 7,5,main]) started.

> Task :yandex_maps_mapkit:compileDebugLibraryResources UP-TO-DATE
Caching disabled for task ':yandex_maps_mapkit:compileDebugLibraryResources' because:
  Build cache is disabled
Skipping task ':yandex_maps_mapkit:compileDebugLibraryResources' as it is up-to-date.
work action resolve out (project :yandex_maps_mapkit) (Thread[#99,Execution worker Thread 7,5,main]) started.
Resolve mutations for :yandex_maps_mapkit:parseDebugLocalResources (Thread[#99,Execution worker Thread 7,5,main]) started.
:yandex_maps_mapkit:parseDebugLocalResources (Thread[#99,Execution worker Thread 7,5,main]) started.

> Task :yandex_maps_mapkit:parseDebugLocalResources UP-TO-DATE
Caching disabled for task ':yandex_maps_mapkit:parseDebugLocalResources' because:
  Build cache is disabled
Skipping task ':yandex_maps_mapkit:parseDebugLocalResources' as it is up-to-date.
Resolve mutations for :yandex_maps_mapkit:generateDebugRFile (Thread[#99,Execution worker Thread 7,5,main]) started.
:yandex_maps_mapkit:generateDebugRFile (Thread[#99,Execution worker Thread 7,5,main]) started.

> Task :yandex_maps_mapkit:generateDebugRFile UP-TO-DATE
Caching disabled for task ':yandex_maps_mapkit:generateDebugRFile' because:
  Build cache is disabled
Skipping task ':yandex_maps_mapkit:generateDebugRFile' as it is up-to-date.
work action resolve package-aware-r.txt (project :yandex_maps_mapkit) (Thread[#99,Execution worker Thread 7,5,main]) started.
Resolve mutations for :app:processDebugResources (Thread[#99,Execution worker Thread 7,5,main]) started.
:app:processDebugResources (Thread[#99,Execution worker Thread 7,5,main]) started.

> Task :app:processDebugResources UP-TO-DATE
Caching disabled for task ':app:processDebugResources' because:
  Build cache is disabled
Skipping task ':app:processDebugResources' as it is up-to-date.
Resolve mutations for :flutter_plugin_android_lifecycle:javaPreCompileDebug (Thread[#99,Execution worker Thread 7,5,main]) started.
:flutter_plugin_android_lifecycle:javaPreCompileDebug (Thread[#99,Execution worker Thread 7,5,main]) started.

> Task :flutter_plugin_android_lifecycle:javaPreCompileDebug UP-TO-DATE
Caching disabled for task ':flutter_plugin_android_lifecycle:javaPreCompileDebug' because:
  Build cache is disabled
Skipping task ':flutter_plugin_android_lifecycle:javaPreCompileDebug' as it is up-to-date.
Resolve mutations for :flutter_plugin_android_lifecycle:compileDebugJavaWithJavac (Thread[#99,Execution worker Thread 7,5,main]) started.
:flutter_plugin_android_lifecycle:compileDebugJavaWithJavac (Thread[#99,Execution worker Thread 7,5,main]) started.

> Task :flutter_plugin_android_lifecycle:compileDebugJavaWithJavac UP-TO-DATE
Custom actions are attached to task ':flutter_plugin_android_lifecycle:compileDebugJavaWithJavac'.
Caching disabled for task ':flutter_plugin_android_lifecycle:compileDebugJavaWithJavac' because:
  Build cache is disabled
Skipping task ':flutter_plugin_android_lifecycle:compileDebugJavaWithJavac' as it is up-to-date.
No compile result for :flutter_plugin_android_lifecycle:compileDebugJavaWithJavac
No compile result for :flutter_plugin_android_lifecycle:compileDebugJavaWithJavac
Resolve mutations for :flutter_plugin_android_lifecycle:bundleLibCompileToJarDebug (Thread[#99,Execution worker Thread 7,5,main]) started.
:flutter_plugin_android_lifecycle:bundleLibCompileToJarDebug (Thread[#99,Execution worker Thread 7,5,main]) started.

> Task :flutter_plugin_android_lifecycle:bundleLibCompileToJarDebug UP-TO-DATE
Caching disabled for task ':flutter_plugin_android_lifecycle:bundleLibCompileToJarDebug' because:
  Build cache is disabled
  Simple merging task
Skipping task ':flutter_plugin_android_lifecycle:bundleLibCompileToJarDebug' as it is up-to-date.
work action resolve classes.jar (project :flutter_plugin_android_lifecycle) (Thread[#99,Execution worker Thread 7,5,main]) started.
Resolve mutations for :flutter_secure_storage:generateDebugBuildConfig (Thread[#99,Execution worker Thread 7,5,main]) started.
:flutter_secure_storage:generateDebugBuildConfig (Thread[#99,Execution worker Thread 7,5,main]) started.

> Task :flutter_secure_storage:generateDebugBuildConfig UP-TO-DATE
Caching disabled for task ':flutter_secure_storage:generateDebugBuildConfig' because:
  Build cache is disabled
Skipping task ':flutter_secure_storage:generateDebugBuildConfig' as it is up-to-date.
Resolve mutations for :flutter_secure_storage:javaPreCompileDebug (Thread[#99,Execution worker Thread 7,5,main]) started.
:flutter_secure_storage:javaPreCompileDebug (Thread[#99,Execution worker Thread 7,5,main]) started.

> Task :flutter_secure_storage:javaPreCompileDebug UP-TO-DATE
Caching disabled for task ':flutter_secure_storage:javaPreCompileDebug' because:
  Build cache is disabled
Skipping task ':flutter_secure_storage:javaPreCompileDebug' as it is up-to-date.
Resolve mutations for :flutter_secure_storage:compileDebugJavaWithJavac (Thread[#99,Execution worker Thread 7,5,main]) started.
:flutter_secure_storage:compileDebugJavaWithJavac (Thread[#99,Execution worker Thread 7,5,main]) started.

> Task :flutter_secure_storage:compileDebugJavaWithJavac UP-TO-DATE
Custom actions are attached to task ':flutter_secure_storage:compileDebugJavaWithJavac'.
Caching disabled for task ':flutter_secure_storage:compileDebugJavaWithJavac' because:
  Build cache is disabled
Skipping task ':flutter_secure_storage:compileDebugJavaWithJavac' as it is up-to-date.
No compile result for :flutter_secure_storage:compileDebugJavaWithJavac
No compile result for :flutter_secure_storage:compileDebugJavaWithJavac
Resolve mutations for :flutter_secure_storage:bundleLibCompileToJarDebug (Thread[#99,Execution worker Thread 7,5,main]) started.
:flutter_secure_storage:bundleLibCompileToJarDebug (Thread[#99,Execution worker Thread 7,5,main]) started.

> Task :flutter_secure_storage:bundleLibCompileToJarDebug UP-TO-DATE
Caching disabled for task ':flutter_secure_storage:bundleLibCompileToJarDebug' because:
  Build cache is disabled
  Simple merging task
Skipping task ':flutter_secure_storage:bundleLibCompileToJarDebug' as it is up-to-date.
work action resolve classes.jar (project :flutter_secure_storage) (Thread[#99,Execution worker Thread 7,5,main]) started.
Resolve mutations for :geocoding_android:javaPreCompileDebug (Thread[#99,Execution worker Thread 7,5,main]) started.
:geocoding_android:javaPreCompileDebug (Thread[#99,Execution worker Thread 7,5,main]) started.

> Task :geocoding_android:javaPreCompileDebug UP-TO-DATE
Caching disabled for task ':geocoding_android:javaPreCompileDebug' because:
  Build cache is disabled
Skipping task ':geocoding_android:javaPreCompileDebug' as it is up-to-date.
Resolve mutations for :geocoding_android:compileDebugJavaWithJavac (Thread[#99,Execution worker Thread 7,5,main]) started.
:geocoding_android:compileDebugJavaWithJavac (Thread[#99,Execution worker Thread 7,5,main]) started.

> Task :geocoding_android:compileDebugJavaWithJavac UP-TO-DATE
Custom actions are attached to task ':geocoding_android:compileDebugJavaWithJavac'.
Caching disabled for task ':geocoding_android:compileDebugJavaWithJavac' because:
  Build cache is disabled
Skipping task ':geocoding_android:compileDebugJavaWithJavac' as it is up-to-date.
No compile result for :geocoding_android:compileDebugJavaWithJavac
No compile result for :geocoding_android:compileDebugJavaWithJavac
Resolve mutations for :geocoding_android:bundleLibCompileToJarDebug (Thread[#99,Execution worker Thread 7,5,main]) started.
:geocoding_android:bundleLibCompileToJarDebug (Thread[#99,Execution worker Thread 7,5,main]) started.

> Task :geocoding_android:bundleLibCompileToJarDebug UP-TO-DATE
Caching disabled for task ':geocoding_android:bundleLibCompileToJarDebug' because:
  Build cache is disabled
  Simple merging task
Skipping task ':geocoding_android:bundleLibCompileToJarDebug' as it is up-to-date.
work action resolve classes.jar (project :geocoding_android) (Thread[#99,Execution worker Thread 7,5,main]) started.
Resolve mutations for :geolocator_android:javaPreCompileDebug (Thread[#99,Execution worker Thread 7,5,main]) started.
:geolocator_android:javaPreCompileDebug (Thread[#99,Execution worker Thread 7,5,main]) started.

> Task :geolocator_android:javaPreCompileDebug UP-TO-DATE
Caching disabled for task ':geolocator_android:javaPreCompileDebug' because:
  Build cache is disabled
Skipping task ':geolocator_android:javaPreCompileDebug' as it is up-to-date.
Resolve mutations for :geolocator_android:compileDebugJavaWithJavac (Thread[#99,Execution worker Thread 7,5,main]) started.
:geolocator_android:compileDebugJavaWithJavac (Thread[#99,Execution worker Thread 7,5,main]) started.

> Task :geolocator_android:compileDebugJavaWithJavac UP-TO-DATE
Custom actions are attached to task ':geolocator_android:compileDebugJavaWithJavac'.
Caching disabled for task ':geolocator_android:compileDebugJavaWithJavac' because:
  Build cache is disabled
Skipping task ':geolocator_android:compileDebugJavaWithJavac' as it is up-to-date.
No compile result for :geolocator_android:compileDebugJavaWithJavac
No compile result for :geolocator_android:compileDebugJavaWithJavac
Resolve mutations for :geolocator_android:bundleLibCompileToJarDebug (Thread[#99,Execution worker Thread 7,5,main]) started.
:geolocator_android:bundleLibCompileToJarDebug (Thread[#99,Execution worker Thread 7,5,main]) started.

> Task :geolocator_android:bundleLibCompileToJarDebug UP-TO-DATE
Caching disabled for task ':geolocator_android:bundleLibCompileToJarDebug' because:
  Build cache is disabled
  Simple merging task
Skipping task ':geolocator_android:bundleLibCompileToJarDebug' as it is up-to-date.
work action resolve classes.jar (project :geolocator_android) (Thread[#99,Execution worker Thread 7,5,main]) started.
Resolve mutations for :image_picker_android:javaPreCompileDebug (Thread[#99,Execution worker Thread 7,5,main]) started.
:image_picker_android:javaPreCompileDebug (Thread[#99,Execution worker Thread 7,5,main]) started.

> Task :image_picker_android:javaPreCompileDebug UP-TO-DATE
Caching disabled for task ':image_picker_android:javaPreCompileDebug' because:
  Build cache is disabled
Skipping task ':image_picker_android:javaPreCompileDebug' as it is up-to-date.
Resolve mutations for :image_picker_android:compileDebugJavaWithJavac (Thread[#99,Execution worker Thread 7,5,main]) started.
:image_picker_android:compileDebugJavaWithJavac (Thread[#99,Execution worker Thread 7,5,main]) started.

> Task :image_picker_android:compileDebugJavaWithJavac
Custom actions are attached to task ':image_picker_android:compileDebugJavaWithJavac'.
Caching disabled for task ':image_picker_android:compileDebugJavaWithJavac' because:
  Build cache is disabled
Task ':image_picker_android:compileDebugJavaWithJavac' is not up-to-date because:
  Input property 'options.compilerArgumentProviders.$0.generatedModuleFile' file C:\Users\Utilisateur\.gradle\caches\8.14\transforms\232b1f9e2cbae23b3b1ad5e6326a87cd\transformed\output\jdkImage\lib\modules has changed.
The input changes require a full rebuild for incremental task ':image_picker_android:compileDebugJavaWithJavac'.
Compilation mode: in-process compilation
Full recompilation is required because no incremental change information is available. This is usually caused by clean builds or changing compiler arguments.
Compiling with toolchain 'C:\Program Files\Eclipse Adoptium\jdk-21.0.11.10-hotspot'.
file or directory 'C:\Users\Utilisateur\AppData\Local\Pub\Cache\hosted\pub.dev\image_picker_android-0.8.13+14\android\src\debug\java', not found
Compiling with JDK Java compiler API.
Class dependency analysis for incremental compilation took 0.1 secs.
Created classpath snapshot for incremental compilation in 0.063 secs.
Resolve mutations for :image_picker_android:bundleLibCompileToJarDebug (Thread[#99,Execution worker Thread 7,5,main]) started.
:image_picker_android:bundleLibCompileToJarDebug (Thread[#99,Execution worker Thread 7,5,main]) started.

> Task :image_picker_android:bundleLibCompileToJarDebug UP-TO-DATE
Caching disabled for task ':image_picker_android:bundleLibCompileToJarDebug' because:
  Build cache is disabled
  Simple merging task
Skipping task ':image_picker_android:bundleLibCompileToJarDebug' as it is up-to-date.
work action resolve classes.jar (project :image_picker_android) (Thread[#99,Execution worker Thread 7,5,main]) started.
Resolve mutations for :mobile_scanner:checkKotlinGradlePluginConfigurationErrors (Thread[#99,Execution worker Thread 7,5,main]) started.
:mobile_scanner:checkKotlinGradlePluginConfigurationErrors (Thread[#99,Execution worker Thread 7,5,main]) started.

> Task :mobile_scanner:checkKotlinGradlePluginConfigurationErrors SKIPPED
Skipping task ':mobile_scanner:checkKotlinGradlePluginConfigurationErrors' as task onlyIf 'errorDiagnostics are present' is false.
Resolve mutations for :mobile_scanner:compileDebugKotlin (Thread[#99,Execution worker Thread 7,5,main]) started.
:mobile_scanner:compileDebugKotlin (Thread[#99,Execution worker Thread 7,5,main]) started.

> Task :mobile_scanner:compileDebugKotlin UP-TO-DATE
Adding -Xuse-inline-scopes-numbers Kotlin compiler flag for task :mobile_scanner:compileDebugAndroidTestKotlin
Caching disabled for task ':mobile_scanner:compileDebugKotlin' because:
  Build cache is disabled
Skipping task ':mobile_scanner:compileDebugKotlin' as it is up-to-date.
Resolve mutations for :mobile_scanner:javaPreCompileDebug (Thread[#99,Execution worker Thread 7,5,main]) started.
:mobile_scanner:javaPreCompileDebug (Thread[#99,Execution worker Thread 7,5,main]) started.

> Task :mobile_scanner:javaPreCompileDebug UP-TO-DATE
Caching disabled for task ':mobile_scanner:javaPreCompileDebug' because:
  Build cache is disabled
Skipping task ':mobile_scanner:javaPreCompileDebug' as it is up-to-date.
Resolve mutations for :mobile_scanner:compileDebugJavaWithJavac (Thread[#99,Execution worker Thread 7,5,main]) started.
:mobile_scanner:compileDebugJavaWithJavac (Thread[#99,Execution worker Thread 7,5,main]) started.

> Task :mobile_scanner:compileDebugJavaWithJavac NO-SOURCE
Skipping task ':mobile_scanner:compileDebugJavaWithJavac' as it has no source files and no previous output files.
Resolve mutations for :mobile_scanner:bundleLibCompileToJarDebug (Thread[#99,Execution worker Thread 7,5,main]) started.
:mobile_scanner:bundleLibCompileToJarDebug (Thread[#99,Execution worker Thread 7,5,main]) started.

> Task :mobile_scanner:bundleLibCompileToJarDebug UP-TO-DATE
Caching disabled for task ':mobile_scanner:bundleLibCompileToJarDebug' because:
  Build cache is disabled
  Simple merging task
Skipping task ':mobile_scanner:bundleLibCompileToJarDebug' as it is up-to-date.
work action resolve classes.jar (project :mobile_scanner) (Thread[#99,Execution worker Thread 7,5,main]) started.
Resolve mutations for :onesignal_flutter:javaPreCompileDebug (Thread[#99,Execution worker Thread 7,5,main]) started.
:onesignal_flutter:javaPreCompileDebug (Thread[#99,Execution worker Thread 7,5,main]) started.

> Task :onesignal_flutter:javaPreCompileDebug UP-TO-DATE
Caching disabled for task ':onesignal_flutter:javaPreCompileDebug' because:
  Build cache is disabled
Skipping task ':onesignal_flutter:javaPreCompileDebug' as it is up-to-date.
Resolve mutations for :onesignal_flutter:compileDebugJavaWithJavac (Thread[#99,Execution worker Thread 7,5,main]) started.
:onesignal_flutter:compileDebugJavaWithJavac (Thread[#99,Execution worker Thread 7,5,main]) started.

> Task :onesignal_flutter:compileDebugJavaWithJavac UP-TO-DATE
Custom actions are attached to task ':onesignal_flutter:compileDebugJavaWithJavac'.
Caching disabled for task ':onesignal_flutter:compileDebugJavaWithJavac' because:
  Build cache is disabled
Skipping task ':onesignal_flutter:compileDebugJavaWithJavac' as it is up-to-date.
No compile result for :onesignal_flutter:compileDebugJavaWithJavac
No compile result for :onesignal_flutter:compileDebugJavaWithJavac
Resolve mutations for :onesignal_flutter:bundleLibCompileToJarDebug (Thread[#99,Execution worker Thread 7,5,main]) started.
:onesignal_flutter:bundleLibCompileToJarDebug (Thread[#99,Execution worker Thread 7,5,main]) started.

> Task :onesignal_flutter:bundleLibCompileToJarDebug UP-TO-DATE
Caching disabled for task ':onesignal_flutter:bundleLibCompileToJarDebug' because:
  Build cache is disabled
  Simple merging task
Skipping task ':onesignal_flutter:bundleLibCompileToJarDebug' as it is up-to-date.
work action resolve classes.jar (project :onesignal_flutter) (Thread[#99,Execution worker Thread 7,5,main]) started.
Resolve mutations for :path_provider_android:javaPreCompileDebug (Thread[#99,Execution worker Thread 7,5,main]) started.
:path_provider_android:javaPreCompileDebug (Thread[#99,Execution worker Thread 7,5,main]) started.

> Task :path_provider_android:javaPreCompileDebug UP-TO-DATE
Caching disabled for task ':path_provider_android:javaPreCompileDebug' because:
  Build cache is disabled
Skipping task ':path_provider_android:javaPreCompileDebug' as it is up-to-date.
Resolve mutations for :path_provider_android:compileDebugJavaWithJavac (Thread[#99,Execution worker Thread 7,5,main]) started.
:path_provider_android:compileDebugJavaWithJavac (Thread[#99,Execution worker Thread 7,5,main]) started.

> Task :path_provider_android:compileDebugJavaWithJavac
Custom actions are attached to task ':path_provider_android:compileDebugJavaWithJavac'.
Caching disabled for task ':path_provider_android:compileDebugJavaWithJavac' because:
  Build cache is disabled
Task ':path_provider_android:compileDebugJavaWithJavac' is not up-to-date because:
  Input property 'options.compilerArgumentProviders.$0.generatedModuleFile' file C:\Users\Utilisateur\.gradle\caches\8.14\transforms\232b1f9e2cbae23b3b1ad5e6326a87cd\transformed\output\jdkImage\lib\modules has changed.
The input changes require a full rebuild for incremental task ':path_provider_android:compileDebugJavaWithJavac'.
Compilation mode: in-process compilation
Full recompilation is required because no incremental change information is available. This is usually caused by clean builds or changing compiler arguments.
Compiling with toolchain 'C:\Program Files\Eclipse Adoptium\jdk-21.0.11.10-hotspot'.
file or directory 'C:\Users\Utilisateur\AppData\Local\Pub\Cache\hosted\pub.dev\path_provider_android-2.2.22\android\src\debug\java', not found
Compiling with JDK Java compiler API.
Class dependency analysis for incremental compilation took 0.006 secs.
Created classpath snapshot for incremental compilation in 0.017 secs.
Resolve mutations for :path_provider_android:bundleLibCompileToJarDebug (Thread[#99,Execution worker Thread 7,5,main]) started.
:path_provider_android:bundleLibCompileToJarDebug (Thread[#99,Execution worker Thread 7,5,main]) started.

> Task :path_provider_android:bundleLibCompileToJarDebug UP-TO-DATE
Caching disabled for task ':path_provider_android:bundleLibCompileToJarDebug' because:
  Build cache is disabled
  Simple merging task
Skipping task ':path_provider_android:bundleLibCompileToJarDebug' as it is up-to-date.
work action resolve classes.jar (project :path_provider_android) (Thread[#99,Execution worker Thread 7,5,main]) started.
Resolve mutations for :permission_handler_android:javaPreCompileDebug (Thread[#99,Execution worker Thread 7,5,main]) started.
:permission_handler_android:javaPreCompileDebug (Thread[#99,Execution worker Thread 7,5,main]) started.

> Task :permission_handler_android:javaPreCompileDebug UP-TO-DATE
Caching disabled for task ':permission_handler_android:javaPreCompileDebug' because:
  Build cache is disabled
Skipping task ':permission_handler_android:javaPreCompileDebug' as it is up-to-date.
Resolve mutations for :permission_handler_android:compileDebugJavaWithJavac (Thread[#99,Execution worker Thread 7,5,main]) started.
:permission_handler_android:compileDebugJavaWithJavac (Thread[#99,Execution worker Thread 7,5,main]) started.

> Task :permission_handler_android:compileDebugJavaWithJavac UP-TO-DATE
Custom actions are attached to task ':permission_handler_android:compileDebugJavaWithJavac'.
Caching disabled for task ':permission_handler_android:compileDebugJavaWithJavac' because:
  Build cache is disabled
Skipping task ':permission_handler_android:compileDebugJavaWithJavac' as it is up-to-date.
No compile result for :permission_handler_android:compileDebugJavaWithJavac
No compile result for :permission_handler_android:compileDebugJavaWithJavac
Resolve mutations for :permission_handler_android:bundleLibCompileToJarDebug (Thread[#99,Execution worker Thread 7,5,main]) started.
:permission_handler_android:bundleLibCompileToJarDebug (Thread[#99,Execution worker Thread 7,5,main]) started.

> Task :permission_handler_android:bundleLibCompileToJarDebug UP-TO-DATE
Caching disabled for task ':permission_handler_android:bundleLibCompileToJarDebug' because:
  Build cache is disabled
  Simple merging task
Skipping task ':permission_handler_android:bundleLibCompileToJarDebug' as it is up-to-date.
work action resolve classes.jar (project :permission_handler_android) (Thread[#99,Execution worker Thread 7,5,main]) started.
Resolve mutations for :shared_preferences_android:checkKotlinGradlePluginConfigurationErrors (Thread[#99,Execution worker Thread 7,5,main]) started.
:shared_preferences_android:checkKotlinGradlePluginConfigurationErrors (Thread[#99,Execution worker Thread 7,5,main]) started.

> Task :shared_preferences_android:checkKotlinGradlePluginConfigurationErrors SKIPPED
Skipping task ':shared_preferences_android:checkKotlinGradlePluginConfigurationErrors' as task onlyIf 'errorDiagnostics are present' is false.
Resolve mutations for :shared_preferences_android:compileDebugKotlin (Thread[#99,Execution worker Thread 7,5,main]) started.
:shared_preferences_android:compileDebugKotlin (Thread[#96,Execution worker Thread 4,5,main]) started.

> Task :shared_preferences_android:compileDebugKotlin UP-TO-DATE
Adding -Xuse-inline-scopes-numbers Kotlin compiler flag for task :shared_preferences_android:compileDebugAndroidTestKotlin
Caching disabled for task ':shared_preferences_android:compileDebugKotlin' because:
  Build cache is disabled
Skipping task ':shared_preferences_android:compileDebugKotlin' as it is up-to-date.
Resolve mutations for :shared_preferences_android:javaPreCompileDebug (Thread[#96,Execution worker Thread 4,5,main]) started.
:shared_preferences_android:javaPreCompileDebug (Thread[#96,Execution worker Thread 4,5,main]) started.

> Task :shared_preferences_android:javaPreCompileDebug UP-TO-DATE
Caching disabled for task ':shared_preferences_android:javaPreCompileDebug' because:
  Build cache is disabled
Skipping task ':shared_preferences_android:javaPreCompileDebug' as it is up-to-date.
Resolve mutations for :shared_preferences_android:compileDebugJavaWithJavac (Thread[#96,Execution worker Thread 4,5,main]) started.
:shared_preferences_android:compileDebugJavaWithJavac (Thread[#96,Execution worker Thread 4,5,main]) started.

> Task :shared_preferences_android:compileDebugJavaWithJavac
Custom actions are attached to task ':shared_preferences_android:compileDebugJavaWithJavac'.
Caching disabled for task ':shared_preferences_android:compileDebugJavaWithJavac' because:
  Build cache is disabled
Task ':shared_preferences_android:compileDebugJavaWithJavac' is not up-to-date because:
  Input property 'options.compilerArgumentProviders.$0.generatedModuleFile' file C:\Users\Utilisateur\.gradle\caches\8.14\transforms\232b1f9e2cbae23b3b1ad5e6326a87cd\transformed\output\jdkImage\lib\modules has changed.
The input changes require a full rebuild for incremental task ':shared_preferences_android:compileDebugJavaWithJavac'.
Compilation mode: in-process compilation
Full recompilation is required because no incremental change information is available. This is usually caused by clean builds or changing compiler arguments.
Compiling with toolchain 'C:\Program Files\Eclipse Adoptium\jdk-21.0.11.10-hotspot'.
file or directory 'C:\Users\Utilisateur\AppData\Local\Pub\Cache\hosted\pub.dev\shared_preferences_android-2.4.21\android\src\debug\java', not found
Compiling with JDK Java compiler API.
Class dependency analysis for incremental compilation took 0.014 secs.
Created classpath snapshot for incremental compilation in 0.026 secs.
Resolve mutations for :shared_preferences_android:bundleLibCompileToJarDebug (Thread[#96,Execution worker Thread 4,5,main]) started.
:shared_preferences_android:bundleLibCompileToJarDebug (Thread[#96,Execution worker Thread 4,5,main]) started.

> Task :shared_preferences_android:bundleLibCompileToJarDebug UP-TO-DATE
Caching disabled for task ':shared_preferences_android:bundleLibCompileToJarDebug' because:
  Build cache is disabled
  Simple merging task
Skipping task ':shared_preferences_android:bundleLibCompileToJarDebug' as it is up-to-date.
work action resolve classes.jar (project :shared_preferences_android) (Thread[#96,Execution worker Thread 4,5,main]) started.
Resolve mutations for :sqflite_android:javaPreCompileDebug (Thread[#96,Execution worker Thread 4,5,main]) started.
:sqflite_android:javaPreCompileDebug (Thread[#96,Execution worker Thread 4,5,main]) started.

> Task :sqflite_android:javaPreCompileDebug UP-TO-DATE
Caching disabled for task ':sqflite_android:javaPreCompileDebug' because:
  Build cache is disabled
Skipping task ':sqflite_android:javaPreCompileDebug' as it is up-to-date.
Resolve mutations for :sqflite_android:compileDebugJavaWithJavac (Thread[#96,Execution worker Thread 4,5,main]) started.
:sqflite_android:compileDebugJavaWithJavac (Thread[#96,Execution worker Thread 4,5,main]) started.

> Task :sqflite_android:compileDebugJavaWithJavac
Custom actions are attached to task ':sqflite_android:compileDebugJavaWithJavac'.
Caching disabled for task ':sqflite_android:compileDebugJavaWithJavac' because:
  Build cache is disabled
Task ':sqflite_android:compileDebugJavaWithJavac' is not up-to-date because:
  Input property 'options.compilerArgumentProviders.$0.generatedModuleFile' file C:\Users\Utilisateur\.gradle\caches\8.14\transforms\232b1f9e2cbae23b3b1ad5e6326a87cd\transformed\output\jdkImage\lib\modules has changed.
The input changes require a full rebuild for incremental task ':sqflite_android:compileDebugJavaWithJavac'.
Compilation mode: in-process compilation
Full recompilation is required because no incremental change information is available. This is usually caused by clean builds or changing compiler arguments.
Compiling with toolchain 'C:\Program Files\Eclipse Adoptium\jdk-21.0.11.10-hotspot'.
file or directory 'C:\Users\Utilisateur\AppData\Local\Pub\Cache\hosted\pub.dev\sqflite_android-2.4.2+2\android\src\debug\java', not found
Compiling with JDK Java compiler API.
Class dependency analysis for incremental compilation took 0.022 secs.
Created classpath snapshot for incremental compilation in 0.008 secs.
Resolve mutations for :sqflite_android:bundleLibCompileToJarDebug (Thread[#96,Execution worker Thread 4,5,main]) started.
:sqflite_android:bundleLibCompileToJarDebug (Thread[#96,Execution worker Thread 4,5,main]) started.

> Task :sqflite_android:bundleLibCompileToJarDebug UP-TO-DATE
Caching disabled for task ':sqflite_android:bundleLibCompileToJarDebug' because:
  Build cache is disabled
  Simple merging task
Skipping task ':sqflite_android:bundleLibCompileToJarDebug' as it is up-to-date.
work action resolve classes.jar (project :sqflite_android) (Thread[#96,Execution worker Thread 4,5,main]) started.
Resolve mutations for :url_launcher_android:generateDebugBuildConfig (Thread[#96,Execution worker Thread 4,5,main]) started.
:url_launcher_android:generateDebugBuildConfig (Thread[#96,Execution worker Thread 4,5,main]) started.

> Task :url_launcher_android:generateDebugBuildConfig UP-TO-DATE
Caching disabled for task ':url_launcher_android:generateDebugBuildConfig' because:
  Build cache is disabled
Skipping task ':url_launcher_android:generateDebugBuildConfig' as it is up-to-date.
Resolve mutations for :url_launcher_android:javaPreCompileDebug (Thread[#96,Execution worker Thread 4,5,main]) started.
:url_launcher_android:javaPreCompileDebug (Thread[#96,Execution worker Thread 4,5,main]) started.

> Task :url_launcher_android:javaPreCompileDebug UP-TO-DATE
Caching disabled for task ':url_launcher_android:javaPreCompileDebug' because:
  Build cache is disabled
Skipping task ':url_launcher_android:javaPreCompileDebug' as it is up-to-date.
Resolve mutations for :url_launcher_android:compileDebugJavaWithJavac (Thread[#96,Execution worker Thread 4,5,main]) started.
:url_launcher_android:compileDebugJavaWithJavac (Thread[#96,Execution worker Thread 4,5,main]) started.

> Task :url_launcher_android:compileDebugJavaWithJavac
Custom actions are attached to task ':url_launcher_android:compileDebugJavaWithJavac'.
Caching disabled for task ':url_launcher_android:compileDebugJavaWithJavac' because:
  Build cache is disabled
Task ':url_launcher_android:compileDebugJavaWithJavac' is not up-to-date because:
  Input property 'options.compilerArgumentProviders.$0.generatedModuleFile' file C:\Users\Utilisateur\.gradle\caches\8.14\transforms\232b1f9e2cbae23b3b1ad5e6326a87cd\transformed\output\jdkImage\lib\modules has changed.
The input changes require a full rebuild for incremental task ':url_launcher_android:compileDebugJavaWithJavac'.
Compilation mode: in-process compilation
Full recompilation is required because no incremental change information is available. This is usually caused by clean builds or changing compiler arguments.
Compiling with toolchain 'C:\Program Files\Eclipse Adoptium\jdk-21.0.11.10-hotspot'.
file or directory 'C:\Users\Utilisateur\AppData\Local\Pub\Cache\hosted\pub.dev\url_launcher_android-6.3.28\android\src\debug\java', not found
Compiling with JDK Java compiler API.
Class dependency analysis for incremental compilation took 0.006 secs.
Created classpath snapshot for incremental compilation in 0.01 secs.
Resolve mutations for :url_launcher_android:bundleLibCompileToJarDebug (Thread[#96,Execution worker Thread 4,5,main]) started.
:url_launcher_android:bundleLibCompileToJarDebug (Thread[#96,Execution worker Thread 4,5,main]) started.

> Task :url_launcher_android:bundleLibCompileToJarDebug UP-TO-DATE
Caching disabled for task ':url_launcher_android:bundleLibCompileToJarDebug' because:
  Build cache is disabled
  Simple merging task
Skipping task ':url_launcher_android:bundleLibCompileToJarDebug' as it is up-to-date.
work action resolve classes.jar (project :url_launcher_android) (Thread[#96,Execution worker Thread 4,5,main]) started.
Resolve mutations for :webview_flutter_android:checkKotlinGradlePluginConfigurationErrors (Thread[#96,Execution worker Thread 4,5,main]) started.
:webview_flutter_android:checkKotlinGradlePluginConfigurationErrors (Thread[#96,Execution worker Thread 4,5,main]) started.

> Task :webview_flutter_android:checkKotlinGradlePluginConfigurationErrors SKIPPED
Skipping task ':webview_flutter_android:checkKotlinGradlePluginConfigurationErrors' as task onlyIf 'errorDiagnostics are present' is false.
Resolve mutations for :webview_flutter_android:compileDebugKotlin (Thread[#96,Execution worker Thread 4,5,main]) started.
:webview_flutter_android:compileDebugKotlin (Thread[#96,Execution worker Thread 4,5,main]) started.

> Task :webview_flutter_android:compileDebugKotlin UP-TO-DATE
Adding -Xuse-inline-scopes-numbers Kotlin compiler flag for task :webview_flutter_android:compileDebugAndroidTestKotlin
Caching disabled for task ':webview_flutter_android:compileDebugKotlin' because:
  Build cache is disabled
Skipping task ':webview_flutter_android:compileDebugKotlin' as it is up-to-date.
Resolve mutations for :webview_flutter_android:javaPreCompileDebug (Thread[#96,Execution worker Thread 4,5,main]) started.
:webview_flutter_android:javaPreCompileDebug (Thread[#96,Execution worker Thread 4,5,main]) started.

> Task :webview_flutter_android:javaPreCompileDebug UP-TO-DATE
Caching disabled for task ':webview_flutter_android:javaPreCompileDebug' because:
  Build cache is disabled
Skipping task ':webview_flutter_android:javaPreCompileDebug' as it is up-to-date.
Resolve mutations for :webview_flutter_android:compileDebugJavaWithJavac (Thread[#96,Execution worker Thread 4,5,main]) started.
:webview_flutter_android:compileDebugJavaWithJavac (Thread[#96,Execution worker Thread 4,5,main]) started.

> Task :webview_flutter_android:compileDebugJavaWithJavac
Custom actions are attached to task ':webview_flutter_android:compileDebugJavaWithJavac'.
Caching disabled for task ':webview_flutter_android:compileDebugJavaWithJavac' because:
  Build cache is disabled
Task ':webview_flutter_android:compileDebugJavaWithJavac' is not up-to-date because:
  Input property 'options.compilerArgumentProviders.$0.generatedModuleFile' file C:\Users\Utilisateur\.gradle\caches\8.14\transforms\232b1f9e2cbae23b3b1ad5e6326a87cd\transformed\output\jdkImage\lib\modules has changed.
The input changes require a full rebuild for incremental task ':webview_flutter_android:compileDebugJavaWithJavac'.
Compilation mode: in-process compilation
Full recompilation is required because no incremental change information is available. This is usually caused by clean builds or changing compiler arguments.
Compiling with toolchain 'C:\Program Files\Eclipse Adoptium\jdk-21.0.11.10-hotspot'.
file or directory 'C:\Users\Utilisateur\AppData\Local\Pub\Cache\hosted\pub.dev\webview_flutter_android-4.10.13\android\src\debug\java', not found
Compiling with JDK Java compiler API.
Class dependency analysis for incremental compilation took 0.023 secs.
Created classpath snapshot for incremental compilation in 0.004 secs.
Resolve mutations for :webview_flutter_android:bundleLibCompileToJarDebug (Thread[#96,Execution worker Thread 4,5,main]) started.
:webview_flutter_android:bundleLibCompileToJarDebug (Thread[#96,Execution worker Thread 4,5,main]) started.

> Task :webview_flutter_android:bundleLibCompileToJarDebug UP-TO-DATE
Caching disabled for task ':webview_flutter_android:bundleLibCompileToJarDebug' because:
  Build cache is disabled
  Simple merging task
Skipping task ':webview_flutter_android:bundleLibCompileToJarDebug' as it is up-to-date.
work action resolve classes.jar (project :webview_flutter_android) (Thread[#96,Execution worker Thread 4,5,main]) started.
Resolve mutations for :yandex_maps_mapkit:checkKotlinGradlePluginConfigurationErrors (Thread[#96,Execution worker Thread 4,5,main]) started.
:yandex_maps_mapkit:checkKotlinGradlePluginConfigurationErrors (Thread[#96,Execution worker Thread 4,5,main]) started.

> Task :yandex_maps_mapkit:checkKotlinGradlePluginConfigurationErrors SKIPPED
Skipping task ':yandex_maps_mapkit:checkKotlinGradlePluginConfigurationErrors' as task onlyIf 'errorDiagnostics are present' is false.
Resolve mutations for :yandex_maps_mapkit:compileDebugKotlin (Thread[#96,Execution worker Thread 4,5,main]) started.
:yandex_maps_mapkit:compileDebugKotlin (Thread[#96,Execution worker Thread 4,5,main]) started.

> Task :yandex_maps_mapkit:compileDebugKotlin UP-TO-DATE
Adding -Xuse-inline-scopes-numbers Kotlin compiler flag for task :yandex_maps_mapkit:compileDebugAndroidTestKotlin
Caching disabled for task ':yandex_maps_mapkit:compileDebugKotlin' because:
  Build cache is disabled
Skipping task ':yandex_maps_mapkit:compileDebugKotlin' as it is up-to-date.
Resolve mutations for :yandex_maps_mapkit:javaPreCompileDebug (Thread[#96,Execution worker Thread 4,5,main]) started.
:yandex_maps_mapkit:javaPreCompileDebug (Thread[#93,Execution worker,5,main]) started.

> Task :yandex_maps_mapkit:javaPreCompileDebug UP-TO-DATE
Caching disabled for task ':yandex_maps_mapkit:javaPreCompileDebug' because:
  Build cache is disabled
Skipping task ':yandex_maps_mapkit:javaPreCompileDebug' as it is up-to-date.
Resolve mutations for :yandex_maps_mapkit:compileDebugJavaWithJavac (Thread[#93,Execution worker,5,main]) started.
:yandex_maps_mapkit:compileDebugJavaWithJavac (Thread[#93,Execution worker,5,main]) started.

> Task :yandex_maps_mapkit:compileDebugJavaWithJavac NO-SOURCE
Skipping task ':yandex_maps_mapkit:compileDebugJavaWithJavac' as it has no source files and no previous output files.
Resolve mutations for :yandex_maps_mapkit:bundleLibCompileToJarDebug (Thread[#93,Execution worker,5,main]) started.
:yandex_maps_mapkit:bundleLibCompileToJarDebug (Thread[#93,Execution worker,5,main]) started.

> Task :yandex_maps_mapkit:bundleLibCompileToJarDebug UP-TO-DATE
Caching disabled for task ':yandex_maps_mapkit:bundleLibCompileToJarDebug' because:
  Build cache is disabled
  Simple merging task
Skipping task ':yandex_maps_mapkit:bundleLibCompileToJarDebug' as it is up-to-date.
work action resolve classes.jar (project :yandex_maps_mapkit) (Thread[#93,Execution worker,5,main]) started.
Resolve mutations for :app:compileDebugKotlin (Thread[#93,Execution worker,5,main]) started.
:app:compileDebugKotlin (Thread[#93,Execution worker,5,main]) started.
Resolve mutations for :app:javaPreCompileDebug (Thread[#92,included builds,5,main]) started.
:app:javaPreCompileDebug (Thread[#92,included builds,5,main]) started.

> Task :app:javaPreCompileDebug UP-TO-DATE
Caching disabled for task ':app:javaPreCompileDebug' because:
  Build cache is disabled
Skipping task ':app:javaPreCompileDebug' as it is up-to-date.
Resolve mutations for :app:compressDebugAssets (Thread[#92,included builds,5,main]) started.
:app:compressDebugAssets (Thread[#92,included builds,5,main]) started.
Resolve mutations for :image_picker_android:bundleLibRuntimeToJarDebug (Thread[#98,Execution worker Thread 6,5,main]) started.
:image_picker_android:bundleLibRuntimeToJarDebug (Thread[#99,Execution worker Thread 7,5,main]) started.

> Task :image_picker_android:bundleLibRuntimeToJarDebug UP-TO-DATE
Caching disabled for task ':image_picker_android:bundleLibRuntimeToJarDebug' because:
  Build cache is disabled
  Simple merging task
Skipping task ':image_picker_android:bundleLibRuntimeToJarDebug' as it is up-to-date.
work action resolve classes.jar (project :image_picker_android) (Thread[#99,Execution worker Thread 7,5,main]) started.
IdentityTransform (Thread[#99,Execution worker Thread 7,5,main]) started.
Resolve mutations for :yandex_maps_mapkit:bundleLibRuntimeToJarDebug (Thread[#100,Execution worker Thread 8,5,main]) started.
:yandex_maps_mapkit:bundleLibRuntimeToJarDebug (Thread[#100,Execution worker Thread 8,5,main]) started.
DexingNoClasspathTransform (Thread[#99,Execution worker Thread 7,5,main]) started.

> Task :yandex_maps_mapkit:bundleLibRuntimeToJarDebug UP-TO-DATE
Caching disabled for task ':yandex_maps_mapkit:bundleLibRuntimeToJarDebug' because:
  Build cache is disabled
  Simple merging task
Skipping task ':yandex_maps_mapkit:bundleLibRuntimeToJarDebug' as it is up-to-date.
work action resolve classes.jar (project :yandex_maps_mapkit) (Thread[#100,Execution worker Thread 8,5,main]) started.
IdentityTransform (Thread[#100,Execution worker Thread 8,5,main]) started.
Resolve mutations for :flutter_plugin_android_lifecycle:bundleLibRuntimeToJarDebug (Thread[#94,Execution worker Thread 2,5,main]) started.
:flutter_plugin_android_lifecycle:bundleLibRuntimeToJarDebug (Thread[#94,Execution worker Thread 2,5,main]) started.
DexingNoClasspathTransform (Thread[#100,Execution worker Thread 8,5,main]) started.

> Task :flutter_plugin_android_lifecycle:bundleLibRuntimeToJarDebug UP-TO-DATE
Caching disabled for task ':flutter_plugin_android_lifecycle:bundleLibRuntimeToJarDebug' because:
  Build cache is disabled
  Simple merging task
Skipping task ':flutter_plugin_android_lifecycle:bundleLibRuntimeToJarDebug' as it is up-to-date.
work action resolve classes.jar (project :flutter_plugin_android_lifecycle) (Thread[#94,Execution worker Thread 2,5,main]) started.
IdentityTransform (Thread[#94,Execution worker Thread 2,5,main]) started.

> Transform classes.jar (project :image_picker_android) with DexingNoClasspathTransform
Caching disabled for DexingNoClasspathTransform: C:\Users\Utilisateur\build_pa\image_picker_android\intermediates\runtime_library_classes_jar\debug\bundleLibRuntimeToJarDebug\classes.jar because:
  Build cache is disabled
Skipping DexingNoClasspathTransform: C:\Users\Utilisateur\build_pa\image_picker_android\intermediates\runtime_library_classes_jar\debug\bundleLibRuntimeToJarDebug\classes.jar as it is up-to-date.
DexingOutputSplitTransform (Thread[#99,Execution worker Thread 7,5,main]) started.
Resolve mutations for :flutter_secure_storage:bundleLibRuntimeToJarDebug (Thread[#101,Execution worker Thread 9,5,main]) started.
:flutter_secure_storage:bundleLibRuntimeToJarDebug (Thread[#101,Execution worker Thread 9,5,main]) started.
DexingNoClasspathTransform (Thread[#94,Execution worker Thread 2,5,main]) started.

> Transform classes.jar (project :yandex_maps_mapkit) with DexingNoClasspathTransform
Caching disabled for DexingNoClasspathTransform: C:\Users\Utilisateur\build_pa\yandex_maps_mapkit\intermediates\runtime_library_classes_jar\debug\bundleLibRuntimeToJarDebug\classes.jar because:
  Build cache is disabled
Skipping DexingNoClasspathTransform: C:\Users\Utilisateur\build_pa\yandex_maps_mapkit\intermediates\runtime_library_classes_jar\debug\bundleLibRuntimeToJarDebug\classes.jar as it is up-to-date.

> Task :flutter_secure_storage:bundleLibRuntimeToJarDebug UP-TO-DATE
Caching disabled for task ':flutter_secure_storage:bundleLibRuntimeToJarDebug' because:
  Build cache is disabled
  Simple merging task
Skipping task ':flutter_secure_storage:bundleLibRuntimeToJarDebug' as it is up-to-date.
DexingOutputSplitTransform (Thread[#100,Execution worker Thread 8,5,main]) started.
work action resolve classes.jar (project :flutter_secure_storage) (Thread[#101,Execution worker Thread 9,5,main]) started.
IdentityTransform (Thread[#101,Execution worker Thread 9,5,main]) started.
Resolve mutations for :geocoding_android:bundleLibRuntimeToJarDebug (Thread[#97,Execution worker Thread 5,5,main]) started.
:geocoding_android:bundleLibRuntimeToJarDebug (Thread[#97,Execution worker Thread 5,5,main]) started.
DexingNoClasspathTransform (Thread[#101,Execution worker Thread 9,5,main]) started.

> Transform classes.jar (project :flutter_plugin_android_lifecycle) with DexingNoClasspathTransform
Caching disabled for DexingNoClasspathTransform: C:\Users\Utilisateur\build_pa\flutter_plugin_android_lifecycle\intermediates\runtime_library_classes_jar\debug\bundleLibRuntimeToJarDebug\classes.jar because:
  Build cache is disabled
Skipping DexingNoClasspathTransform: C:\Users\Utilisateur\build_pa\flutter_plugin_android_lifecycle\intermediates\runtime_library_classes_jar\debug\bundleLibRuntimeToJarDebug\classes.jar as it is up-to-date.

> Task :geocoding_android:bundleLibRuntimeToJarDebug UP-TO-DATE
Caching disabled for task ':geocoding_android:bundleLibRuntimeToJarDebug' because:
  Build cache is disabled
  Simple merging task
Skipping task ':geocoding_android:bundleLibRuntimeToJarDebug' as it is up-to-date.
DexingOutputSplitTransform (Thread[#94,Execution worker Thread 2,5,main]) started.
work action resolve classes.jar (project :geocoding_android) (Thread[#97,Execution worker Thread 5,5,main]) started.
IdentityTransform (Thread[#97,Execution worker Thread 5,5,main]) started.
Resolve mutations for :geolocator_android:bundleLibRuntimeToJarDebug (Thread[#100,Execution worker Thread 8,5,main]) started.
:geolocator_android:bundleLibRuntimeToJarDebug (Thread[#100,Execution worker Thread 8,5,main]) started.

> Transform classes.jar (project :flutter_secure_storage) with DexingNoClasspathTransform
Caching disabled for DexingNoClasspathTransform: C:\Users\Utilisateur\build_pa\flutter_secure_storage\intermediates\runtime_library_classes_jar\debug\bundleLibRuntimeToJarDebug\classes.jar because:
  Build cache is disabled
Skipping DexingNoClasspathTransform: C:\Users\Utilisateur\build_pa\flutter_secure_storage\intermediates\runtime_library_classes_jar\debug\bundleLibRuntimeToJarDebug\classes.jar as it is up-to-date.
DexingOutputSplitTransform (Thread[#101,Execution worker Thread 9,5,main]) started.
DexingNoClasspathTransform (Thread[#97,Execution worker Thread 5,5,main]) started.

> Task :geolocator_android:bundleLibRuntimeToJarDebug UP-TO-DATE
Caching disabled for task ':geolocator_android:bundleLibRuntimeToJarDebug' because:
  Build cache is disabled
  Simple merging task
Skipping task ':geolocator_android:bundleLibRuntimeToJarDebug' as it is up-to-date.
work action resolve classes.jar (project :geolocator_android) (Thread[#100,Execution worker Thread 8,5,main]) started.
IdentityTransform (Thread[#100,Execution worker Thread 8,5,main]) started.
Resolve mutations for :mobile_scanner:bundleLibRuntimeToJarDebug (Thread[#99,Execution worker Thread 7,5,main]) started.
:mobile_scanner:bundleLibRuntimeToJarDebug (Thread[#99,Execution worker Thread 7,5,main]) started.
DexingNoClasspathTransform (Thread[#100,Execution worker Thread 8,5,main]) started.

> Transform classes.jar (project :geocoding_android) with DexingNoClasspathTransform
Caching disabled for DexingNoClasspathTransform: C:\Users\Utilisateur\build_pa\geocoding_android\intermediates\runtime_library_classes_jar\debug\bundleLibRuntimeToJarDebug\classes.jar because:
  Build cache is disabled
Skipping DexingNoClasspathTransform: C:\Users\Utilisateur\build_pa\geocoding_android\intermediates\runtime_library_classes_jar\debug\bundleLibRuntimeToJarDebug\classes.jar as it is up-to-date.
DexingOutputSplitTransform (Thread[#97,Execution worker Thread 5,5,main]) started.

> Task :mobile_scanner:bundleLibRuntimeToJarDebug UP-TO-DATE
Caching disabled for task ':mobile_scanner:bundleLibRuntimeToJarDebug' because:
  Build cache is disabled
  Simple merging task
Skipping task ':mobile_scanner:bundleLibRuntimeToJarDebug' as it is up-to-date.
work action resolve classes.jar (project :mobile_scanner) (Thread[#101,Execution worker Thread 9,5,main]) started.
IdentityTransform (Thread[#101,Execution worker Thread 9,5,main]) started.

> Transform classes.jar (project :geolocator_android) with DexingNoClasspathTransform
Caching disabled for DexingNoClasspathTransform: C:\Users\Utilisateur\build_pa\geolocator_android\intermediates\runtime_library_classes_jar\debug\bundleLibRuntimeToJarDebug\classes.jar because:
  Build cache is disabled
Skipping DexingNoClasspathTransform: C:\Users\Utilisateur\build_pa\geolocator_android\intermediates\runtime_library_classes_jar\debug\bundleLibRuntimeToJarDebug\classes.jar as it is up-to-date.
DexingOutputSplitTransform (Thread[#100,Execution worker Thread 8,5,main]) started.
Resolve mutations for :onesignal_flutter:bundleLibRuntimeToJarDebug (Thread[#99,Execution worker Thread 7,5,main]) started.
:onesignal_flutter:bundleLibRuntimeToJarDebug (Thread[#99,Execution worker Thread 7,5,main]) started.
DexingNoClasspathTransform (Thread[#101,Execution worker Thread 9,5,main]) started.

> Task :onesignal_flutter:bundleLibRuntimeToJarDebug UP-TO-DATE
Caching disabled for task ':onesignal_flutter:bundleLibRuntimeToJarDebug' because:
  Build cache is disabled
  Simple merging task
Skipping task ':onesignal_flutter:bundleLibRuntimeToJarDebug' as it is up-to-date.
work action resolve classes.jar (project :onesignal_flutter) (Thread[#99,Execution worker Thread 7,5,main]) started.
IdentityTransform (Thread[#99,Execution worker Thread 7,5,main]) started.
Resolve mutations for :path_provider_android:bundleLibRuntimeToJarDebug (Thread[#97,Execution worker Thread 5,5,main]) started.

> Transform classes.jar (project :mobile_scanner) with DexingNoClasspathTransform
Caching disabled for DexingNoClasspathTransform: C:\Users\Utilisateur\build_pa\mobile_scanner\intermediates\runtime_library_classes_jar\debug\bundleLibRuntimeToJarDebug\classes.jar because:
  Build cache is disabled
Skipping DexingNoClasspathTransform: C:\Users\Utilisateur\build_pa\mobile_scanner\intermediates\runtime_library_classes_jar\debug\bundleLibRuntimeToJarDebug\classes.jar as it is up-to-date.
DexingOutputSplitTransform (Thread[#101,Execution worker Thread 9,5,main]) started.
:path_provider_android:bundleLibRuntimeToJarDebug (Thread[#97,Execution worker Thread 5,5,main]) started.
DexingNoClasspathTransform (Thread[#99,Execution worker Thread 7,5,main]) started.

> Task :path_provider_android:bundleLibRuntimeToJarDebug UP-TO-DATE
Caching disabled for task ':path_provider_android:bundleLibRuntimeToJarDebug' because:
  Build cache is disabled
  Simple merging task
Skipping task ':path_provider_android:bundleLibRuntimeToJarDebug' as it is up-to-date.
work action resolve classes.jar (project :path_provider_android) (Thread[#101,Execution worker Thread 9,5,main]) started.
IdentityTransform (Thread[#97,Execution worker Thread 5,5,main]) started.
Resolve mutations for :permission_handler_android:bundleLibRuntimeToJarDebug (Thread[#98,Execution worker Thread 6,5,main]) started.

> Transform classes.jar (project :onesignal_flutter) with DexingNoClasspathTransform
Caching disabled for DexingNoClasspathTransform: C:\Users\Utilisateur\build_pa\onesignal_flutter\intermediates\runtime_library_classes_jar\debug\bundleLibRuntimeToJarDebug\classes.jar because:
  Build cache is disabled
Skipping DexingNoClasspathTransform: C:\Users\Utilisateur\build_pa\onesignal_flutter\intermediates\runtime_library_classes_jar\debug\bundleLibRuntimeToJarDebug\classes.jar as it is up-to-date.
DexingOutputSplitTransform (Thread[#95,Execution worker Thread 3,5,main]) started.
:permission_handler_android:bundleLibRuntimeToJarDebug (Thread[#98,Execution worker Thread 6,5,main]) started.
DexingNoClasspathTransform (Thread[#97,Execution worker Thread 5,5,main]) started.

> Task :permission_handler_android:bundleLibRuntimeToJarDebug UP-TO-DATE
Caching disabled for task ':permission_handler_android:bundleLibRuntimeToJarDebug' because:
  Build cache is disabled
  Simple merging task
Skipping task ':permission_handler_android:bundleLibRuntimeToJarDebug' as it is up-to-date.
work action resolve classes.jar (project :permission_handler_android) (Thread[#98,Execution worker Thread 6,5,main]) started.
IdentityTransform (Thread[#98,Execution worker Thread 6,5,main]) started.
Resolve mutations for :shared_preferences_android:bundleLibRuntimeToJarDebug (Thread[#101,Execution worker Thread 9,5,main]) started.
:shared_preferences_android:bundleLibRuntimeToJarDebug (Thread[#101,Execution worker Thread 9,5,main]) started.

> Transform classes.jar (project :path_provider_android) with DexingNoClasspathTransform
Caching disabled for DexingNoClasspathTransform: C:\Users\Utilisateur\build_pa\path_provider_android\intermediates\runtime_library_classes_jar\debug\bundleLibRuntimeToJarDebug\classes.jar because:
  Build cache is disabled
Skipping DexingNoClasspathTransform: C:\Users\Utilisateur\build_pa\path_provider_android\intermediates\runtime_library_classes_jar\debug\bundleLibRuntimeToJarDebug\classes.jar as it is up-to-date.
DexingOutputSplitTransform (Thread[#97,Execution worker Thread 5,5,main]) started.
DexingNoClasspathTransform (Thread[#98,Execution worker Thread 6,5,main]) started.

> Task :shared_preferences_android:bundleLibRuntimeToJarDebug UP-TO-DATE
Caching disabled for task ':shared_preferences_android:bundleLibRuntimeToJarDebug' because:
  Build cache is disabled
  Simple merging task
Skipping task ':shared_preferences_android:bundleLibRuntimeToJarDebug' as it is up-to-date.
work action resolve classes.jar (project :shared_preferences_android) (Thread[#101,Execution worker Thread 9,5,main]) started.
IdentityTransform (Thread[#101,Execution worker Thread 9,5,main]) started.
Resolve mutations for :sqflite_android:bundleLibRuntimeToJarDebug (Thread[#96,Execution worker Thread 4,5,main]) started.

> Transform classes.jar (project :permission_handler_android) with DexingNoClasspathTransform
Caching disabled for DexingNoClasspathTransform: C:\Users\Utilisateur\build_pa\permission_handler_android\intermediates\runtime_library_classes_jar\debug\bundleLibRuntimeToJarDebug\classes.jar because:
  Build cache is disabled
Skipping DexingNoClasspathTransform: C:\Users\Utilisateur\build_pa\permission_handler_android\intermediates\runtime_library_classes_jar\debug\bundleLibRuntimeToJarDebug\classes.jar as it is up-to-date.
DexingOutputSplitTransform (Thread[#98,Execution worker Thread 6,5,main]) started.
:sqflite_android:bundleLibRuntimeToJarDebug (Thread[#96,Execution worker Thread 4,5,main]) started.
DexingNoClasspathTransform (Thread[#101,Execution worker Thread 9,5,main]) started.

> Task :sqflite_android:bundleLibRuntimeToJarDebug UP-TO-DATE
Caching disabled for task ':sqflite_android:bundleLibRuntimeToJarDebug' because:
  Build cache is disabled
  Simple merging task
Skipping task ':sqflite_android:bundleLibRuntimeToJarDebug' as it is up-to-date.
work action resolve classes.jar (project :sqflite_android) (Thread[#96,Execution worker Thread 4,5,main]) started.
IdentityTransform (Thread[#96,Execution worker Thread 4,5,main]) started.
Resolve mutations for :url_launcher_android:bundleLibRuntimeToJarDebug (Thread[#97,Execution worker Thread 5,5,main]) started.
:url_launcher_android:bundleLibRuntimeToJarDebug (Thread[#97,Execution worker Thread 5,5,main]) started.

> Transform classes.jar (project :shared_preferences_android) with DexingNoClasspathTransform
Caching disabled for DexingNoClasspathTransform: C:\Users\Utilisateur\build_pa\shared_preferences_android\intermediates\runtime_library_classes_jar\debug\bundleLibRuntimeToJarDebug\classes.jar because:
  Build cache is disabled
Skipping DexingNoClasspathTransform: C:\Users\Utilisateur\build_pa\shared_preferences_android\intermediates\runtime_library_classes_jar\debug\bundleLibRuntimeToJarDebug\classes.jar as it is up-to-date.
DexingOutputSplitTransform (Thread[#101,Execution worker Thread 9,5,main]) started.
DexingNoClasspathTransform (Thread[#96,Execution worker Thread 4,5,main]) started.

> Task :url_launcher_android:bundleLibRuntimeToJarDebug UP-TO-DATE
Caching disabled for task ':url_launcher_android:bundleLibRuntimeToJarDebug' because:
  Build cache is disabled
  Simple merging task
Skipping task ':url_launcher_android:bundleLibRuntimeToJarDebug' as it is up-to-date.
work action resolve classes.jar (project :url_launcher_android) (Thread[#97,Execution worker Thread 5,5,main]) started.
IdentityTransform (Thread[#97,Execution worker Thread 5,5,main]) started.
Resolve mutations for :webview_flutter_android:bundleLibRuntimeToJarDebug (Thread[#99,Execution worker Thread 7,5,main]) started.
:webview_flutter_android:bundleLibRuntimeToJarDebug (Thread[#99,Execution worker Thread 7,5,main]) started.
DexingNoClasspathTransform (Thread[#97,Execution worker Thread 5,5,main]) started.

> Transform classes.jar (project :sqflite_android) with DexingNoClasspathTransform
Caching disabled for DexingNoClasspathTransform: C:\Users\Utilisateur\build_pa\sqflite_android\intermediates\runtime_library_classes_jar\debug\bundleLibRuntimeToJarDebug\classes.jar because:
  Build cache is disabled
Skipping DexingNoClasspathTransform: C:\Users\Utilisateur\build_pa\sqflite_android\intermediates\runtime_library_classes_jar\debug\bundleLibRuntimeToJarDebug\classes.jar as it is up-to-date.
DexingOutputSplitTransform (Thread[#96,Execution worker Thread 4,5,main]) started.

> Task :webview_flutter_android:bundleLibRuntimeToJarDebug UP-TO-DATE
Caching disabled for task ':webview_flutter_android:bundleLibRuntimeToJarDebug' because:
  Build cache is disabled
  Simple merging task
Skipping task ':webview_flutter_android:bundleLibRuntimeToJarDebug' as it is up-to-date.
work action resolve classes.jar (project :webview_flutter_android) (Thread[#99,Execution worker Thread 7,5,main]) started.
IdentityTransform (Thread[#94,Execution worker Thread 2,5,main]) started.
Resolve mutations for :app:desugarDebugFileDependencies (Thread[#103,Execution worker Thread 11,5,main]) started.
:app:desugarDebugFileDependencies (Thread[#103,Execution worker Thread 11,5,main]) started.

> Transform classes.jar (project :url_launcher_android) with DexingNoClasspathTransform
Caching disabled for DexingNoClasspathTransform: C:\Users\Utilisateur\build_pa\url_launcher_android\intermediates\runtime_library_classes_jar\debug\bundleLibRuntimeToJarDebug\classes.jar because:
  Build cache is disabled
Skipping DexingNoClasspathTransform: C:\Users\Utilisateur\build_pa\url_launcher_android\intermediates\runtime_library_classes_jar\debug\bundleLibRuntimeToJarDebug\classes.jar as it is up-to-date.
DexingNoClasspathTransform (Thread[#94,Execution worker Thread 2,5,main]) started.
DexingOutputSplitTransform (Thread[#97,Execution worker Thread 5,5,main]) started.

> Transform classes.jar (project :webview_flutter_android) with DexingNoClasspathTransform
Caching disabled for DexingNoClasspathTransform: C:\Users\Utilisateur\build_pa\webview_flutter_android\intermediates\runtime_library_classes_jar\debug\bundleLibRuntimeToJarDebug\classes.jar because:
  Build cache is disabled
Skipping DexingNoClasspathTransform: C:\Users\Utilisateur\build_pa\webview_flutter_android\intermediates\runtime_library_classes_jar\debug\bundleLibRuntimeToJarDebug\classes.jar as it is up-to-date.
DexingOutputSplitTransform (Thread[#94,Execution worker Thread 2,5,main]) started.

> Task :app:desugarDebugFileDependencies UP-TO-DATE
Caching disabled for task ':app:desugarDebugFileDependencies' because:
  Build cache is disabled
Skipping task ':app:desugarDebugFileDependencies' as it is up-to-date.
Resolve mutations for :flutter_plugin_android_lifecycle:processDebugJavaRes (Thread[#103,Execution worker Thread 11,5,main]) started.
:flutter_plugin_android_lifecycle:processDebugJavaRes (Thread[#103,Execution worker Thread 11,5,main]) started.

> Task :flutter_plugin_android_lifecycle:processDebugJavaRes NO-SOURCE
file or directory 'C:\Users\Utilisateur\AppData\Local\Pub\Cache\hosted\pub.dev\flutter_plugin_android_lifecycle-2.0.33\android\src\main\resources', not found
file or directory 'C:\Users\Utilisateur\AppData\Local\Pub\Cache\hosted\pub.dev\flutter_plugin_android_lifecycle-2.0.33\android\src\debug\resources', not found
Skipping task ':flutter_plugin_android_lifecycle:processDebugJavaRes' as it has no source files and no previous output files.
work action resolve out (project :flutter_plugin_android_lifecycle) (Thread[#103,Execution worker Thread 11,5,main]) started.
Resolve mutations for :flutter_secure_storage:processDebugJavaRes (Thread[#103,Execution worker Thread 11,5,main]) started.
:flutter_secure_storage:processDebugJavaRes (Thread[#103,Execution worker Thread 11,5,main]) started.

> Task :flutter_secure_storage:processDebugJavaRes NO-SOURCE
file or directory 'C:\Users\Utilisateur\AppData\Local\Pub\Cache\hosted\pub.dev\flutter_secure_storage-9.2.4\android\src\main\resources', not found
file or directory 'C:\Users\Utilisateur\AppData\Local\Pub\Cache\hosted\pub.dev\flutter_secure_storage-9.2.4\android\src\debug\resources', not found
Skipping task ':flutter_secure_storage:processDebugJavaRes' as it has no source files and no previous output files.
work action resolve out (project :flutter_secure_storage) (Thread[#103,Execution worker Thread 11,5,main]) started.
Resolve mutations for :geocoding_android:processDebugJavaRes (Thread[#103,Execution worker Thread 11,5,main]) started.
:geocoding_android:processDebugJavaRes (Thread[#97,Execution worker Thread 5,5,main]) started.

> Task :geocoding_android:processDebugJavaRes NO-SOURCE
file or directory 'C:\Users\Utilisateur\AppData\Local\Pub\Cache\hosted\pub.dev\geocoding_android-3.3.1\android\src\main\resources', not found
file or directory 'C:\Users\Utilisateur\AppData\Local\Pub\Cache\hosted\pub.dev\geocoding_android-3.3.1\android\src\debug\resources', not found
Skipping task ':geocoding_android:processDebugJavaRes' as it has no source files and no previous output files.
work action resolve out (project :geocoding_android) (Thread[#97,Execution worker Thread 5,5,main]) started.
Resolve mutations for :geolocator_android:processDebugJavaRes (Thread[#97,Execution worker Thread 5,5,main]) started.
:geolocator_android:processDebugJavaRes (Thread[#97,Execution worker Thread 5,5,main]) started.

> Task :geolocator_android:processDebugJavaRes NO-SOURCE
file or directory 'C:\Users\Utilisateur\AppData\Local\Pub\Cache\hosted\pub.dev\geolocator_android-4.6.2\android\src\main\resources', not found
file or directory 'C:\Users\Utilisateur\AppData\Local\Pub\Cache\hosted\pub.dev\geolocator_android-4.6.2\android\src\debug\resources', not found
Skipping task ':geolocator_android:processDebugJavaRes' as it has no source files and no previous output files.
work action resolve out (project :geolocator_android) (Thread[#97,Execution worker Thread 5,5,main]) started.
Resolve mutations for :image_picker_android:processDebugJavaRes (Thread[#97,Execution worker Thread 5,5,main]) started.
:image_picker_android:processDebugJavaRes (Thread[#97,Execution worker Thread 5,5,main]) started.

> Task :image_picker_android:processDebugJavaRes NO-SOURCE
file or directory 'C:\Users\Utilisateur\AppData\Local\Pub\Cache\hosted\pub.dev\image_picker_android-0.8.13+14\android\src\main\resources', not found
file or directory 'C:\Users\Utilisateur\AppData\Local\Pub\Cache\hosted\pub.dev\image_picker_android-0.8.13+14\android\src\debug\resources', not found
Skipping task ':image_picker_android:processDebugJavaRes' as it has no source files and no previous output files.
work action resolve out (project :image_picker_android) (Thread[#97,Execution worker Thread 5,5,main]) started.
Resolve mutations for :mobile_scanner:processDebugJavaRes (Thread[#97,Execution worker Thread 5,5,main]) started.
:mobile_scanner:processDebugJavaRes (Thread[#97,Execution worker Thread 5,5,main]) started.

> Task :mobile_scanner:processDebugJavaRes UP-TO-DATE
file or directory 'C:\Users\Utilisateur\AppData\Local\Pub\Cache\hosted\pub.dev\mobile_scanner-6.0.11\android\src\main\resources', not found
file or directory 'C:\Users\Utilisateur\AppData\Local\Pub\Cache\hosted\pub.dev\mobile_scanner-6.0.11\android\src\debug\resources', not found
file or directory 'C:\Users\Utilisateur\AppData\Local\Pub\Cache\hosted\pub.dev\mobile_scanner-6.0.11\android\src\main\resources', not found
file or directory 'C:\Users\Utilisateur\AppData\Local\Pub\Cache\hosted\pub.dev\mobile_scanner-6.0.11\android\src\debug\resources', not found
Caching disabled for task ':mobile_scanner:processDebugJavaRes' because:
  Build cache is disabled
  Caching has been disabled for the task
Skipping task ':mobile_scanner:processDebugJavaRes' as it is up-to-date.
work action resolve out (project :mobile_scanner) (Thread[#97,Execution worker Thread 5,5,main]) started.
Resolve mutations for :onesignal_flutter:processDebugJavaRes (Thread[#97,Execution worker Thread 5,5,main]) started.
:onesignal_flutter:processDebugJavaRes (Thread[#97,Execution worker Thread 5,5,main]) started.

> Task :onesignal_flutter:processDebugJavaRes NO-SOURCE
file or directory 'C:\Users\Utilisateur\AppData\Local\Pub\Cache\hosted\pub.dev\onesignal_flutter-5.4.2\android\src\main\resources', not found
file or directory 'C:\Users\Utilisateur\AppData\Local\Pub\Cache\hosted\pub.dev\onesignal_flutter-5.4.2\android\src\debug\resources', not found
Skipping task ':onesignal_flutter:processDebugJavaRes' as it has no source files and no previous output files.
work action resolve out (project :onesignal_flutter) (Thread[#97,Execution worker Thread 5,5,main]) started.
Resolve mutations for :path_provider_android:processDebugJavaRes (Thread[#97,Execution worker Thread 5,5,main]) started.
:path_provider_android:processDebugJavaRes (Thread[#97,Execution worker Thread 5,5,main]) started.

> Task :path_provider_android:processDebugJavaRes NO-SOURCE
file or directory 'C:\Users\Utilisateur\AppData\Local\Pub\Cache\hosted\pub.dev\path_provider_android-2.2.22\android\src\main\resources', not found
file or directory 'C:\Users\Utilisateur\AppData\Local\Pub\Cache\hosted\pub.dev\path_provider_android-2.2.22\android\src\debug\resources', not found
Skipping task ':path_provider_android:processDebugJavaRes' as it has no source files and no previous output files.
work action resolve out (project :path_provider_android) (Thread[#97,Execution worker Thread 5,5,main]) started.
Resolve mutations for :permission_handler_android:processDebugJavaRes (Thread[#97,Execution worker Thread 5,5,main]) started.
:permission_handler_android:processDebugJavaRes (Thread[#97,Execution worker Thread 5,5,main]) started.

> Task :permission_handler_android:processDebugJavaRes NO-SOURCE
file or directory 'C:\Users\Utilisateur\AppData\Local\Pub\Cache\hosted\pub.dev\permission_handler_android-12.1.0\android\src\main\resources', not found
file or directory 'C:\Users\Utilisateur\AppData\Local\Pub\Cache\hosted\pub.dev\permission_handler_android-12.1.0\android\src\debug\resources', not found
Skipping task ':permission_handler_android:processDebugJavaRes' as it has no source files and no previous output files.
work action resolve out (project :permission_handler_android) (Thread[#97,Execution worker Thread 5,5,main]) started.
Resolve mutations for :shared_preferences_android:processDebugJavaRes (Thread[#97,Execution worker Thread 5,5,main]) started.
:shared_preferences_android:processDebugJavaRes (Thread[#97,Execution worker Thread 5,5,main]) started.

> Task :shared_preferences_android:processDebugJavaRes UP-TO-DATE
file or directory 'C:\Users\Utilisateur\AppData\Local\Pub\Cache\hosted\pub.dev\shared_preferences_android-2.4.21\android\src\main\resources', not found
file or directory 'C:\Users\Utilisateur\AppData\Local\Pub\Cache\hosted\pub.dev\shared_preferences_android-2.4.21\android\src\debug\resources', not found
file or directory 'C:\Users\Utilisateur\AppData\Local\Pub\Cache\hosted\pub.dev\shared_preferences_android-2.4.21\android\src\main\resources', not found
file or directory 'C:\Users\Utilisateur\AppData\Local\Pub\Cache\hosted\pub.dev\shared_preferences_android-2.4.21\android\src\debug\resources', not found
Caching disabled for task ':shared_preferences_android:processDebugJavaRes' because:
  Build cache is disabled
  Caching has been disabled for the task
Skipping task ':shared_preferences_android:processDebugJavaRes' as it is up-to-date.
work action resolve out (project :shared_preferences_android) (Thread[#97,Execution worker Thread 5,5,main]) started.
Resolve mutations for :sqflite_android:processDebugJavaRes (Thread[#97,Execution worker Thread 5,5,main]) started.
:sqflite_android:processDebugJavaRes (Thread[#97,Execution worker Thread 5,5,main]) started.

> Task :sqflite_android:processDebugJavaRes NO-SOURCE
file or directory 'C:\Users\Utilisateur\AppData\Local\Pub\Cache\hosted\pub.dev\sqflite_android-2.4.2+2\android\src\main\resources', not found
file or directory 'C:\Users\Utilisateur\AppData\Local\Pub\Cache\hosted\pub.dev\sqflite_android-2.4.2+2\android\src\debug\resources', not found
Skipping task ':sqflite_android:processDebugJavaRes' as it has no source files and no previous output files.
work action resolve out (project :sqflite_android) (Thread[#97,Execution worker Thread 5,5,main]) started.
Resolve mutations for :url_launcher_android:processDebugJavaRes (Thread[#97,Execution worker Thread 5,5,main]) started.
:url_launcher_android:processDebugJavaRes (Thread[#97,Execution worker Thread 5,5,main]) started.

> Task :url_launcher_android:processDebugJavaRes NO-SOURCE
file or directory 'C:\Users\Utilisateur\AppData\Local\Pub\Cache\hosted\pub.dev\url_launcher_android-6.3.28\android\src\main\resources', not found
file or directory 'C:\Users\Utilisateur\AppData\Local\Pub\Cache\hosted\pub.dev\url_launcher_android-6.3.28\android\src\debug\resources', not found
Skipping task ':url_launcher_android:processDebugJavaRes' as it has no source files and no previous output files.
work action resolve out (project :url_launcher_android) (Thread[#97,Execution worker Thread 5,5,main]) started.
Resolve mutations for :webview_flutter_android:processDebugJavaRes (Thread[#97,Execution worker Thread 5,5,main]) started.
:webview_flutter_android:processDebugJavaRes (Thread[#97,Execution worker Thread 5,5,main]) started.

> Task :webview_flutter_android:processDebugJavaRes UP-TO-DATE
file or directory 'C:\Users\Utilisateur\AppData\Local\Pub\Cache\hosted\pub.dev\webview_flutter_android-4.10.13\android\src\main\resources', not found
file or directory 'C:\Users\Utilisateur\AppData\Local\Pub\Cache\hosted\pub.dev\webview_flutter_android-4.10.13\android\src\debug\resources', not found
file or directory 'C:\Users\Utilisateur\AppData\Local\Pub\Cache\hosted\pub.dev\webview_flutter_android-4.10.13\android\src\main\resources', not found
file or directory 'C:\Users\Utilisateur\AppData\Local\Pub\Cache\hosted\pub.dev\webview_flutter_android-4.10.13\android\src\debug\resources', not found
Caching disabled for task ':webview_flutter_android:processDebugJavaRes' because:
  Build cache is disabled
  Caching has been disabled for the task
Skipping task ':webview_flutter_android:processDebugJavaRes' as it is up-to-date.
work action resolve out (project :webview_flutter_android) (Thread[#97,Execution worker Thread 5,5,main]) started.
Resolve mutations for :yandex_maps_mapkit:processDebugJavaRes (Thread[#97,Execution worker Thread 5,5,main]) started.
:yandex_maps_mapkit:processDebugJavaRes (Thread[#97,Execution worker Thread 5,5,main]) started.

> Task :yandex_maps_mapkit:processDebugJavaRes UP-TO-DATE
file or directory 'C:\Users\Utilisateur\AppData\Local\Pub\Cache\hosted\pub.dev\yandex_maps_mapkit-4.30.0-beta\android\src\main\resources', not found
file or directory 'C:\Users\Utilisateur\AppData\Local\Pub\Cache\hosted\pub.dev\yandex_maps_mapkit-4.30.0-beta\android\src\debug\resources', not found
file or directory 'C:\Users\Utilisateur\AppData\Local\Pub\Cache\hosted\pub.dev\yandex_maps_mapkit-4.30.0-beta\android\src\main\resources', not found
file or directory 'C:\Users\Utilisateur\AppData\Local\Pub\Cache\hosted\pub.dev\yandex_maps_mapkit-4.30.0-beta\android\src\debug\resources', not found
Caching disabled for task ':yandex_maps_mapkit:processDebugJavaRes' because:
  Build cache is disabled
  Caching has been disabled for the task
Skipping task ':yandex_maps_mapkit:processDebugJavaRes' as it is up-to-date.
work action resolve out (project :yandex_maps_mapkit) (Thread[#97,Execution worker Thread 5,5,main]) started.
Resolve mutations for :app:checkDebugDuplicateClasses (Thread[#97,Execution worker Thread 5,5,main]) started.
:app:checkDebugDuplicateClasses (Thread[#97,Execution worker Thread 5,5,main]) started.
Resolve mutations for :image_picker_android:bundleLibRuntimeToDirDebug (Thread[#95,Execution worker Thread 3,5,main]) started.
:image_picker_android:bundleLibRuntimeToDirDebug (Thread[#95,Execution worker Thread 3,5,main]) started.

> Task :image_picker_android:bundleLibRuntimeToDirDebug UP-TO-DATE
Caching disabled for task ':image_picker_android:bundleLibRuntimeToDirDebug' because:
  Build cache is disabled
  Simple merging task
Skipping task ':image_picker_android:bundleLibRuntimeToDirDebug' as it is up-to-date.
work action resolve bundleLibRuntimeToDirDebug (project :image_picker_android) (Thread[#103,Execution worker Thread 11,5,main]) started.
ClassesDirToClassesTransform (Thread[#103,Execution worker Thread 11,5,main]) started.
Resolve mutations for :yandex_maps_mapkit:bundleLibRuntimeToDirDebug (Thread[#95,Execution worker Thread 3,5,main]) started.
:yandex_maps_mapkit:bundleLibRuntimeToDirDebug (Thread[#95,Execution worker Thread 3,5,main]) started.
DexingNoClasspathTransform (Thread[#103,Execution worker Thread 11,5,main]) started.

> Task :yandex_maps_mapkit:bundleLibRuntimeToDirDebug UP-TO-DATE
Caching disabled for task ':yandex_maps_mapkit:bundleLibRuntimeToDirDebug' because:
  Build cache is disabled
  Simple merging task
Skipping task ':yandex_maps_mapkit:bundleLibRuntimeToDirDebug' as it is up-to-date.
work action resolve bundleLibRuntimeToDirDebug (project :yandex_maps_mapkit) (Thread[#95,Execution worker Thread 3,5,main]) started.
ClassesDirToClassesTransform (Thread[#95,Execution worker Thread 3,5,main]) started.
Resolve mutations for :flutter_plugin_android_lifecycle:bundleLibRuntimeToDirDebug (Thread[#101,Execution worker Thread 9,5,main]) started.
:flutter_plugin_android_lifecycle:bundleLibRuntimeToDirDebug (Thread[#100,Execution worker Thread 8,5,main]) started.
DexingNoClasspathTransform (Thread[#95,Execution worker Thread 3,5,main]) started.

> Task :flutter_plugin_android_lifecycle:bundleLibRuntimeToDirDebug UP-TO-DATE
Caching disabled for task ':flutter_plugin_android_lifecycle:bundleLibRuntimeToDirDebug' because:
  Build cache is disabled
  Simple merging task
Skipping task ':flutter_plugin_android_lifecycle:bundleLibRuntimeToDirDebug' as it is up-to-date.

> Transform bundleLibRuntimeToDirDebug (project :image_picker_android) with DexingNoClasspathTransform
Caching disabled for DexingNoClasspathTransform: C:\Users\Utilisateur\build_pa\image_picker_android\intermediates\runtime_library_classes_dir\debug\bundleLibRuntimeToDirDebug because:
  Build cache is disabled
Skipping DexingNoClasspathTransform: C:\Users\Utilisateur\build_pa\image_picker_android\intermediates\runtime_library_classes_dir\debug\bundleLibRuntimeToDirDebug as it is up-to-date.
work action resolve bundleLibRuntimeToDirDebug (project :flutter_plugin_android_lifecycle) (Thread[#100,Execution worker Thread 8,5,main]) started.
ClassesDirToClassesTransform (Thread[#100,Execution worker Thread 8,5,main]) started.
DexingOutputSplitTransform (Thread[#103,Execution worker Thread 11,5,main]) started.
Resolve mutations for :flutter_secure_storage:bundleLibRuntimeToDirDebug (Thread[#96,Execution worker Thread 4,5,main]) started.
:flutter_secure_storage:bundleLibRuntimeToDirDebug (Thread[#96,Execution worker Thread 4,5,main]) started.

> Transform bundleLibRuntimeToDirDebug (project :yandex_maps_mapkit) with DexingNoClasspathTransform
Caching disabled for DexingNoClasspathTransform: C:\Users\Utilisateur\build_pa\yandex_maps_mapkit\intermediates\runtime_library_classes_dir\debug\bundleLibRuntimeToDirDebug because:
  Build cache is disabled
Skipping DexingNoClasspathTransform: C:\Users\Utilisateur\build_pa\yandex_maps_mapkit\intermediates\runtime_library_classes_dir\debug\bundleLibRuntimeToDirDebug as it is up-to-date.
DexingOutputSplitTransform (Thread[#95,Execution worker Thread 3,5,main]) started.
DexingNoClasspathTransform (Thread[#100,Execution worker Thread 8,5,main]) started.

> Task :flutter_secure_storage:bundleLibRuntimeToDirDebug UP-TO-DATE
Caching disabled for task ':flutter_secure_storage:bundleLibRuntimeToDirDebug' because:
  Build cache is disabled
  Simple merging task
Skipping task ':flutter_secure_storage:bundleLibRuntimeToDirDebug' as it is up-to-date.
work action resolve bundleLibRuntimeToDirDebug (project :flutter_secure_storage) (Thread[#96,Execution worker Thread 4,5,main]) started.
ClassesDirToClassesTransform (Thread[#96,Execution worker Thread 4,5,main]) started.
Resolve mutations for :geocoding_android:bundleLibRuntimeToDirDebug (Thread[#99,Execution worker Thread 7,5,main]) started.
:geocoding_android:bundleLibRuntimeToDirDebug (Thread[#99,Execution worker Thread 7,5,main]) started.

> Transform bundleLibRuntimeToDirDebug (project :flutter_plugin_android_lifecycle) with DexingNoClasspathTransform
Caching disabled for DexingNoClasspathTransform: C:\Users\Utilisateur\build_pa\flutter_plugin_android_lifecycle\intermediates\runtime_library_classes_dir\debug\bundleLibRuntimeToDirDebug because:
  Build cache is disabled
Skipping DexingNoClasspathTransform: C:\Users\Utilisateur\build_pa\flutter_plugin_android_lifecycle\intermediates\runtime_library_classes_dir\debug\bundleLibRuntimeToDirDebug as it is up-to-date.
DexingOutputSplitTransform (Thread[#100,Execution worker Thread 8,5,main]) started.
DexingNoClasspathTransform (Thread[#96,Execution worker Thread 4,5,main]) started.

> Task :geocoding_android:bundleLibRuntimeToDirDebug UP-TO-DATE
Caching disabled for task ':geocoding_android:bundleLibRuntimeToDirDebug' because:
  Build cache is disabled
  Simple merging task
Skipping task ':geocoding_android:bundleLibRuntimeToDirDebug' as it is up-to-date.
work action resolve bundleLibRuntimeToDirDebug (project :geocoding_android) (Thread[#99,Execution worker Thread 7,5,main]) started.
ClassesDirToClassesTransform (Thread[#98,Execution worker Thread 6,5,main]) started.
Resolve mutations for :geolocator_android:bundleLibRuntimeToDirDebug (Thread[#102,Execution worker Thread 10,5,main]) started.
:geolocator_android:bundleLibRuntimeToDirDebug (Thread[#102,Execution worker Thread 10,5,main]) started.

> Transform bundleLibRuntimeToDirDebug (project :flutter_secure_storage) with DexingNoClasspathTransform
Caching disabled for DexingNoClasspathTransform: C:\Users\Utilisateur\build_pa\flutter_secure_storage\intermediates\runtime_library_classes_dir\debug\bundleLibRuntimeToDirDebug because:
  Build cache is disabled
Skipping DexingNoClasspathTransform: C:\Users\Utilisateur\build_pa\flutter_secure_storage\intermediates\runtime_library_classes_dir\debug\bundleLibRuntimeToDirDebug as it is up-to-date.
DexingOutputSplitTransform (Thread[#96,Execution worker Thread 4,5,main]) started.
DexingNoClasspathTransform (Thread[#98,Execution worker Thread 6,5,main]) started.

> Task :geolocator_android:bundleLibRuntimeToDirDebug UP-TO-DATE
Caching disabled for task ':geolocator_android:bundleLibRuntimeToDirDebug' because:
  Build cache is disabled
  Simple merging task
Skipping task ':geolocator_android:bundleLibRuntimeToDirDebug' as it is up-to-date.

> Transform bundleLibRuntimeToDirDebug (project :geocoding_android) with DexingNoClasspathTransform
Caching disabled for DexingNoClasspathTransform: C:\Users\Utilisateur\build_pa\geocoding_android\intermediates\runtime_library_classes_dir\debug\bundleLibRuntimeToDirDebug because:
  Build cache is disabled
Skipping DexingNoClasspathTransform: C:\Users\Utilisateur\build_pa\geocoding_android\intermediates\runtime_library_classes_dir\debug\bundleLibRuntimeToDirDebug as it is up-to-date.
work action resolve bundleLibRuntimeToDirDebug (project :geolocator_android) (Thread[#102,Execution worker Thread 10,5,main]) started.
DexingOutputSplitTransform (Thread[#98,Execution worker Thread 6,5,main]) started.
ClassesDirToClassesTransform (Thread[#102,Execution worker Thread 10,5,main]) started.
Resolve mutations for :mobile_scanner:bundleLibRuntimeToDirDebug (Thread[#94,Execution worker Thread 2,5,main]) started.
:mobile_scanner:bundleLibRuntimeToDirDebug (Thread[#94,Execution worker Thread 2,5,main]) started.
DexingNoClasspathTransform (Thread[#102,Execution worker Thread 10,5,main]) started.

> Task :mobile_scanner:bundleLibRuntimeToDirDebug UP-TO-DATE
Caching disabled for task ':mobile_scanner:bundleLibRuntimeToDirDebug' because:
  Build cache is disabled
  Simple merging task
Skipping task ':mobile_scanner:bundleLibRuntimeToDirDebug' as it is up-to-date.
work action resolve bundleLibRuntimeToDirDebug (project :mobile_scanner) (Thread[#94,Execution worker Thread 2,5,main]) started.
ClassesDirToClassesTransform (Thread[#94,Execution worker Thread 2,5,main]) started.
Resolve mutations for :onesignal_flutter:bundleLibRuntimeToDirDebug (Thread[#103,Execution worker Thread 11,5,main]) started.
:onesignal_flutter:bundleLibRuntimeToDirDebug (Thread[#103,Execution worker Thread 11,5,main]) started.

> Transform bundleLibRuntimeToDirDebug (project :geolocator_android) with DexingNoClasspathTransform
Caching disabled for DexingNoClasspathTransform: C:\Users\Utilisateur\build_pa\geolocator_android\intermediates\runtime_library_classes_dir\debug\bundleLibRuntimeToDirDebug because:
  Build cache is disabled
Skipping DexingNoClasspathTransform: C:\Users\Utilisateur\build_pa\geolocator_android\intermediates\runtime_library_classes_dir\debug\bundleLibRuntimeToDirDebug as it is up-to-date.
DexingOutputSplitTransform (Thread[#102,Execution worker Thread 10,5,main]) started.
DexingNoClasspathTransform (Thread[#94,Execution worker Thread 2,5,main]) started.

> Task :onesignal_flutter:bundleLibRuntimeToDirDebug UP-TO-DATE
Caching disabled for task ':onesignal_flutter:bundleLibRuntimeToDirDebug' because:
  Build cache is disabled
  Simple merging task
Skipping task ':onesignal_flutter:bundleLibRuntimeToDirDebug' as it is up-to-date.
work action resolve bundleLibRuntimeToDirDebug (project :onesignal_flutter) (Thread[#103,Execution worker Thread 11,5,main]) started.
ClassesDirToClassesTransform (Thread[#103,Execution worker Thread 11,5,main]) started.
Resolve mutations for :path_provider_android:bundleLibRuntimeToDirDebug (Thread[#98,Execution worker Thread 6,5,main]) started.
:path_provider_android:bundleLibRuntimeToDirDebug (Thread[#98,Execution worker Thread 6,5,main]) started.
DexingNoClasspathTransform (Thread[#103,Execution worker Thread 11,5,main]) started.

> Task :path_provider_android:bundleLibRuntimeToDirDebug UP-TO-DATE
Caching disabled for task ':path_provider_android:bundleLibRuntimeToDirDebug' because:
  Build cache is disabled
  Simple merging task
Skipping task ':path_provider_android:bundleLibRuntimeToDirDebug' as it is up-to-date.
work action resolve bundleLibRuntimeToDirDebug (project :path_provider_android) (Thread[#98,Execution worker Thread 6,5,main]) started.
ClassesDirToClassesTransform (Thread[#98,Execution worker Thread 6,5,main]) started.
Resolve mutations for :permission_handler_android:bundleLibRuntimeToDirDebug (Thread[#96,Execution worker Thread 4,5,main]) started.
:permission_handler_android:bundleLibRuntimeToDirDebug (Thread[#96,Execution worker Thread 4,5,main]) started.

> Transform bundleLibRuntimeToDirDebug (project :mobile_scanner) with DexingNoClasspathTransform
Caching disabled for DexingNoClasspathTransform: C:\Users\Utilisateur\build_pa\mobile_scanner\intermediates\runtime_library_classes_dir\debug\bundleLibRuntimeToDirDebug because:
  Build cache is disabled
Skipping DexingNoClasspathTransform: C:\Users\Utilisateur\build_pa\mobile_scanner\intermediates\runtime_library_classes_dir\debug\bundleLibRuntimeToDirDebug as it is up-to-date.
DexingOutputSplitTransform (Thread[#94,Execution worker Thread 2,5,main]) started.
DexingNoClasspathTransform (Thread[#98,Execution worker Thread 6,5,main]) started.

> Transform bundleLibRuntimeToDirDebug (project :onesignal_flutter) with DexingNoClasspathTransform
Caching disabled for DexingNoClasspathTransform: C:\Users\Utilisateur\build_pa\onesignal_flutter\intermediates\runtime_library_classes_dir\debug\bundleLibRuntimeToDirDebug because:
  Build cache is disabled
Skipping DexingNoClasspathTransform: C:\Users\Utilisateur\build_pa\onesignal_flutter\intermediates\runtime_library_classes_dir\debug\bundleLibRuntimeToDirDebug as it is up-to-date.
DexingOutputSplitTransform (Thread[#103,Execution worker Thread 11,5,main]) started.

> Task :permission_handler_android:bundleLibRuntimeToDirDebug UP-TO-DATE
Caching disabled for task ':permission_handler_android:bundleLibRuntimeToDirDebug' because:
  Build cache is disabled
  Simple merging task
Skipping task ':permission_handler_android:bundleLibRuntimeToDirDebug' as it is up-to-date.
work action resolve bundleLibRuntimeToDirDebug (project :permission_handler_android) (Thread[#96,Execution worker Thread 4,5,main]) started.
ClassesDirToClassesTransform (Thread[#96,Execution worker Thread 4,5,main]) started.

> Transform bundleLibRuntimeToDirDebug (project :path_provider_android) with DexingNoClasspathTransform
Caching disabled for DexingNoClasspathTransform: C:\Users\Utilisateur\build_pa\path_provider_android\intermediates\runtime_library_classes_dir\debug\bundleLibRuntimeToDirDebug because:
  Build cache is disabled
Skipping DexingNoClasspathTransform: C:\Users\Utilisateur\build_pa\path_provider_android\intermediates\runtime_library_classes_dir\debug\bundleLibRuntimeToDirDebug as it is up-to-date.
Resolve mutations for :shared_preferences_android:bundleLibRuntimeToDirDebug (Thread[#95,Execution worker Thread 3,5,main]) started.
DexingOutputSplitTransform (Thread[#98,Execution worker Thread 6,5,main]) started.
:shared_preferences_android:bundleLibRuntimeToDirDebug (Thread[#95,Execution worker Thread 3,5,main]) started.
DexingNoClasspathTransform (Thread[#99,Execution worker Thread 7,5,main]) started.

> Transform bundleLibRuntimeToDirDebug (project :permission_handler_android) with DexingNoClasspathTransform
Caching disabled for DexingNoClasspathTransform: C:\Users\Utilisateur\build_pa\permission_handler_android\intermediates\runtime_library_classes_dir\debug\bundleLibRuntimeToDirDebug because:
  Build cache is disabled
Skipping DexingNoClasspathTransform: C:\Users\Utilisateur\build_pa\permission_handler_android\intermediates\runtime_library_classes_dir\debug\bundleLibRuntimeToDirDebug as it is up-to-date.
DexingOutputSplitTransform (Thread[#99,Execution worker Thread 7,5,main]) started.

> Task :shared_preferences_android:bundleLibRuntimeToDirDebug UP-TO-DATE
Caching disabled for task ':shared_preferences_android:bundleLibRuntimeToDirDebug' because:
  Build cache is disabled
  Simple merging task
Skipping task ':shared_preferences_android:bundleLibRuntimeToDirDebug' as it is up-to-date.
work action resolve bundleLibRuntimeToDirDebug (project :shared_preferences_android) (Thread[#95,Execution worker Thread 3,5,main]) started.
ClassesDirToClassesTransform (Thread[#95,Execution worker Thread 3,5,main]) started.
Resolve mutations for :sqflite_android:bundleLibRuntimeToDirDebug (Thread[#96,Execution worker Thread 4,5,main]) started.
:sqflite_android:bundleLibRuntimeToDirDebug (Thread[#96,Execution worker Thread 4,5,main]) started.
DexingNoClasspathTransform (Thread[#95,Execution worker Thread 3,5,main]) started.

> Task :sqflite_android:bundleLibRuntimeToDirDebug UP-TO-DATE
Caching disabled for task ':sqflite_android:bundleLibRuntimeToDirDebug' because:
  Build cache is disabled
  Simple merging task
Skipping task ':sqflite_android:bundleLibRuntimeToDirDebug' as it is up-to-date.
work action resolve bundleLibRuntimeToDirDebug (project :sqflite_android) (Thread[#96,Execution worker Thread 4,5,main]) started.
ClassesDirToClassesTransform (Thread[#96,Execution worker Thread 4,5,main]) started.
Resolve mutations for :url_launcher_android:bundleLibRuntimeToDirDebug (Thread[#98,Execution worker Thread 6,5,main]) started.
:url_launcher_android:bundleLibRuntimeToDirDebug (Thread[#98,Execution worker Thread 6,5,main]) started.
DexingNoClasspathTransform (Thread[#96,Execution worker Thread 4,5,main]) started.

> Task :url_launcher_android:bundleLibRuntimeToDirDebug UP-TO-DATE
Caching disabled for task ':url_launcher_android:bundleLibRuntimeToDirDebug' because:
  Build cache is disabled
  Simple merging task
Skipping task ':url_launcher_android:bundleLibRuntimeToDirDebug' as it is up-to-date.
work action resolve bundleLibRuntimeToDirDebug (project :url_launcher_android) (Thread[#98,Execution worker Thread 6,5,main]) started.

> Transform bundleLibRuntimeToDirDebug (project :shared_preferences_android) with DexingNoClasspathTransform
Caching disabled for DexingNoClasspathTransform: C:\Users\Utilisateur\build_pa\shared_preferences_android\intermediates\runtime_library_classes_dir\debug\bundleLibRuntimeToDirDebug because:
  Build cache is disabled
Skipping DexingNoClasspathTransform: C:\Users\Utilisateur\build_pa\shared_preferences_android\intermediates\runtime_library_classes_dir\debug\bundleLibRuntimeToDirDebug as it is up-to-date.
DexingOutputSplitTransform (Thread[#95,Execution worker Thread 3,5,main]) started.
ClassesDirToClassesTransform (Thread[#98,Execution worker Thread 6,5,main]) started.
Resolve mutations for :webview_flutter_android:bundleLibRuntimeToDirDebug (Thread[#99,Execution worker Thread 7,5,main]) started.
:webview_flutter_android:bundleLibRuntimeToDirDebug (Thread[#99,Execution worker Thread 7,5,main]) started.
DexingNoClasspathTransform (Thread[#98,Execution worker Thread 6,5,main]) started.

> Transform bundleLibRuntimeToDirDebug (project :sqflite_android) with DexingNoClasspathTransform
Caching disabled for DexingNoClasspathTransform: C:\Users\Utilisateur\build_pa\sqflite_android\intermediates\runtime_library_classes_dir\debug\bundleLibRuntimeToDirDebug because:
  Build cache is disabled
Skipping DexingNoClasspathTransform: C:\Users\Utilisateur\build_pa\sqflite_android\intermediates\runtime_library_classes_dir\debug\bundleLibRuntimeToDirDebug as it is up-to-date.
DexingOutputSplitTransform (Thread[#96,Execution worker Thread 4,5,main]) started.

> Transform bundleLibRuntimeToDirDebug (project :url_launcher_android) with DexingNoClasspathTransform
Caching disabled for DexingNoClasspathTransform: C:\Users\Utilisateur\build_pa\url_launcher_android\intermediates\runtime_library_classes_dir\debug\bundleLibRuntimeToDirDebug because:
  Build cache is disabled
Skipping DexingNoClasspathTransform: C:\Users\Utilisateur\build_pa\url_launcher_android\intermediates\runtime_library_classes_dir\debug\bundleLibRuntimeToDirDebug as it is up-to-date.
DexingOutputSplitTransform (Thread[#98,Execution worker Thread 6,5,main]) started.

> Task :webview_flutter_android:bundleLibRuntimeToDirDebug UP-TO-DATE
Caching disabled for task ':webview_flutter_android:bundleLibRuntimeToDirDebug' because:
  Build cache is disabled
  Simple merging task
Skipping task ':webview_flutter_android:bundleLibRuntimeToDirDebug' as it is up-to-date.
work action resolve bundleLibRuntimeToDirDebug (project :webview_flutter_android) (Thread[#99,Execution worker Thread 7,5,main]) started.
ClassesDirToClassesTransform (Thread[#99,Execution worker Thread 7,5,main]) started.
Resolve mutations for :app:configureCMakeDebug[arm64-v8a] (Thread[#101,Execution worker Thread 9,5,main]) started.
:app:configureCMakeDebug[arm64-v8a] (Thread[#101,Execution worker Thread 9,5,main]) started.
DexingNoClasspathTransform (Thread[#99,Execution worker Thread 7,5,main]) started.

> Transform bundleLibRuntimeToDirDebug (project :webview_flutter_android) with DexingNoClasspathTransform
Caching disabled for DexingNoClasspathTransform: C:\Users\Utilisateur\build_pa\webview_flutter_android\intermediates\runtime_library_classes_dir\debug\bundleLibRuntimeToDirDebug because:
  Build cache is disabled
Skipping DexingNoClasspathTransform: C:\Users\Utilisateur\build_pa\webview_flutter_android\intermediates\runtime_library_classes_dir\debug\bundleLibRuntimeToDirDebug as it is up-to-date.
DexingOutputSplitTransform (Thread[#99,Execution worker Thread 7,5,main]) started.

> Task :app:checkDebugDuplicateClasses
Caching disabled for EnumerateClassesTransform: C:\Users\Utilisateur\build_pa\app\intermediates\flutter\debug\libs.jar because:
  Build cache is disabled
Caching disabled for task ':app:checkDebugDuplicateClasses' because:
  Build cache is disabled
  Caching has been disabled for the task
Task ':app:checkDebugDuplicateClasses' is not up-to-date because:
  Input property 'enumeratedClasses' file C:\Users\Utilisateur\.gradle\caches\8.14\transforms\75ba8ffd9e2ce4f8e4dc8308a8229627\transformed\armeabi_v7a_debug-1.0.0-425cfb54d01a9472b3e81d9e76fd63a4a44cfbcb has been added.
  Input property 'enumeratedClasses' file C:\Users\Utilisateur\.gradle\caches\8.14\transforms\85a0cfbe2d820fb35fc3f38c57d1649b\transformed\x86_64_debug-1.0.0-425cfb54d01a9472b3e81d9e76fd63a4a44cfbcb has been added.

> Task :app:configureCMakeDebug[arm64-v8a]
Caching disabled for task ':app:configureCMakeDebug[arm64-v8a]' because:
  Build cache is disabled
  Caching has been disabled for the task
Task ':app:configureCMakeDebug[arm64-v8a]' is not up-to-date because:
  Task.upToDateWhen is false.
[CXX5304] This version only understands SDK XML versions up to 3 but an SDK XML file of version 4 was encountered. This can happen if you use versions of Android Studio and the command-line tools that were released at different times.
[CXX5304] This version only understands SDK XML versions up to 3 but an SDK XML file of version 4 was encountered. This can happen if you use versions of Android Studio and the command-line tools that were released at different times.
[CXX5304] package.xml parsing problem. élément inattendu (URI : "", local : "canary-number"). Les éléments attendus sont <{}codename>,<{}layoutlib>,<{}base-extension>,<{}api-level>,<{}extension-level>
[CXX5304] package.xml parsing problem. élément inattendu (URI : "", local : "canary-number"). Les éléments attendus sont <{}codename>,<{}layoutlib>,<{}base-extension>,<{}api-level>,<{}extension-level>
C/C++: SDK Manager found the following installed packages: build-tools;34.0.0 build-tools;35.0.0 build-tools;36.0.0 build-tools;36.1.0 cmake;3.22.1 cmdline-tools;latest emulator extras;google;Android_Emulator_Hypervisor_Driver ndk;28.2.13676358 platform-tools platforms;android-30 platforms;android-31 platforms;android-33 platforms;android-34 platforms;android-34-ext10 platforms;android-34-ext11 platforms;android-34-ext12 platforms;android-34-ext8 platforms;android-35 platforms;android-35-ext14 platforms;android-35-ext15 platforms;android-36 platforms;android-36-ext18 platforms;android-36-ext19 platforms;android-36.1 platforms;android-Baklava platforms;android-Baklava-ext19 platforms;android-CANARY platforms;android-CinnamonBun sources;android-34 sources;android-35 sources;android-36 sources;android-36.1 system-images;android-36.1;google_apis_playstore;x86_64 system-images;android-36;google_apis_playstore;x86_64 system-images;android-37.0;google_apis_playstore_ps16k;x86_64
C/C++: C:\Users\Utilisateur\flutter\packages\flutter_tools\gradle\src\main\scripts\CMakeLists.txt debug|arm64-v8a : Start JSON generation. Platform version: 26 min SDK version: arm64-v8a
C/C++: C:\Users\Utilisateur\flutter\packages\flutter_tools\gradle\src\main\scripts\CMakeLists.txt debug|arm64-v8a : JSON 'C:\Users\Utilisateur\build_pa\.cxx\debug\62152v37\arm64-v8a\android_gradle_build.json' was up-to-date
C/C++: C:\Users\Utilisateur\flutter\packages\flutter_tools\gradle\src\main\scripts\CMakeLists.txt debug|arm64-v8a : JSON generation completed without problems
C/C++: C:\Users\Utilisateur\flutter\packages\flutter_tools\gradle\src\main\scripts\CMakeLists.txt debug|arm64-v8a : Writing build model to C:\Users\Utilisateur\build_pa\app\intermediates\cxx\debug\62152v37\logs\arm64-v8a\build_model.json
Resolve mutations for :app:mergeExtDexDebug (Thread[#97,Execution worker Thread 5,5,main]) started.
:app:mergeExtDexDebug (Thread[#97,Execution worker Thread 5,5,main]) started.

> Task :app:mergeExtDexDebug UP-TO-DATE
Caching disabled for task ':app:mergeExtDexDebug' because:
  Build cache is disabled
Skipping task ':app:mergeExtDexDebug' as it is up-to-date.
Resolve mutations for :app:mergeLibDexDebug (Thread[#97,Execution worker Thread 5,5,main]) started.
:app:mergeLibDexDebug (Thread[#97,Execution worker Thread 5,5,main]) started.

> Task :app:mergeLibDexDebug UP-TO-DATE
Caching disabled for task ':app:mergeLibDexDebug' because:
  Build cache is disabled
Skipping task ':app:mergeLibDexDebug' as it is up-to-date.
Resolve mutations for :app:buildCMakeDebug[arm64-v8a] (Thread[#97,Execution worker Thread 5,5,main]) started.
:app:buildCMakeDebug[arm64-v8a] (Thread[#97,Execution worker Thread 5,5,main]) started.

> Task :app:buildCMakeDebug[arm64-v8a]
Caching disabled for task ':app:buildCMakeDebug[arm64-v8a]' because:
  Build cache is disabled
  Caching has been disabled for the task
Task ':app:buildCMakeDebug[arm64-v8a]' is not up-to-date because:
  Task.upToDateWhen is false.
C/C++: starting build
C/C++: reading expected JSONs
C/C++: done reading expected JSONs
C/C++: executing build commands for targets that produce .so files or executables
C/C++: evaluate miniconfig
C/C++: no libraries
Resolve mutations for :app:configureCMakeDebug[armeabi-v7a] (Thread[#97,Execution worker Thread 5,5,main]) started.
:app:configureCMakeDebug[armeabi-v7a] (Thread[#97,Execution worker Thread 5,5,main]) started.

> Task :app:configureCMakeDebug[armeabi-v7a]
Caching disabled for task ':app:configureCMakeDebug[armeabi-v7a]' because:
  Build cache is disabled
  Caching has been disabled for the task
Task ':app:configureCMakeDebug[armeabi-v7a]' is not up-to-date because:
  Task.upToDateWhen is false.
C/C++: C:\Users\Utilisateur\flutter\packages\flutter_tools\gradle\src\main\scripts\CMakeLists.txt debug|armeabi-v7a : Start JSON generation. Platform version: 26 min SDK version: armeabi-v7a
C/C++: C:\Users\Utilisateur\flutter\packages\flutter_tools\gradle\src\main\scripts\CMakeLists.txt debug|armeabi-v7a : JSON 'C:\Users\Utilisateur\build_pa\.cxx\debug\62152v37\armeabi-v7a\android_gradle_build.json' was up-to-date
C/C++: C:\Users\Utilisateur\flutter\packages\flutter_tools\gradle\src\main\scripts\CMakeLists.txt debug|armeabi-v7a : JSON generation completed without problems
C/C++: C:\Users\Utilisateur\flutter\packages\flutter_tools\gradle\src\main\scripts\CMakeLists.txt debug|armeabi-v7a : Writing build model to C:\Users\Utilisateur\build_pa\app\intermediates\cxx\debug\62152v37\logs\armeabi-v7a\build_model.json
Resolve mutations for :app:buildCMakeDebug[armeabi-v7a] (Thread[#97,Execution worker Thread 5,5,main]) started.
:app:buildCMakeDebug[armeabi-v7a] (Thread[#97,Execution worker Thread 5,5,main]) started.

> Task :app:buildCMakeDebug[armeabi-v7a]
Caching disabled for task ':app:buildCMakeDebug[armeabi-v7a]' because:
  Build cache is disabled
  Caching has been disabled for the task
Task ':app:buildCMakeDebug[armeabi-v7a]' is not up-to-date because:
  Task.upToDateWhen is false.
C/C++: starting build
C/C++: reading expected JSONs
C/C++: done reading expected JSONs
C/C++: executing build commands for targets that produce .so files or executables
C/C++: evaluate miniconfig
C/C++: no libraries
Resolve mutations for :app:configureCMakeDebug[x86_64] (Thread[#97,Execution worker Thread 5,5,main]) started.
:app:configureCMakeDebug[x86_64] (Thread[#97,Execution worker Thread 5,5,main]) started.

> Task :app:configureCMakeDebug[x86_64]
Caching disabled for task ':app:configureCMakeDebug[x86_64]' because:
  Build cache is disabled
  Caching has been disabled for the task
Task ':app:configureCMakeDebug[x86_64]' is not up-to-date because:
  Task.upToDateWhen is false.
C/C++: C:\Users\Utilisateur\flutter\packages\flutter_tools\gradle\src\main\scripts\CMakeLists.txt debug|x86_64 : Start JSON generation. Platform version: 26 min SDK version: x86_64
C/C++: C:\Users\Utilisateur\flutter\packages\flutter_tools\gradle\src\main\scripts\CMakeLists.txt debug|x86_64 : JSON 'C:\Users\Utilisateur\build_pa\.cxx\debug\62152v37\x86_64\android_gradle_build.json' was up-to-date
C/C++: C:\Users\Utilisateur\flutter\packages\flutter_tools\gradle\src\main\scripts\CMakeLists.txt debug|x86_64 : JSON generation completed without problems
C/C++: C:\Users\Utilisateur\flutter\packages\flutter_tools\gradle\src\main\scripts\CMakeLists.txt debug|x86_64 : Writing build model to C:\Users\Utilisateur\build_pa\app\intermediates\cxx\debug\62152v37\logs\x86_64\build_model.json
Resolve mutations for :app:buildCMakeDebug[x86_64] (Thread[#97,Execution worker Thread 5,5,main]) started.
:app:buildCMakeDebug[x86_64] (Thread[#97,Execution worker Thread 5,5,main]) started.

> Task :app:buildCMakeDebug[x86_64]
Caching disabled for task ':app:buildCMakeDebug[x86_64]' because:
  Build cache is disabled
  Caching has been disabled for the task
Task ':app:buildCMakeDebug[x86_64]' is not up-to-date because:
  Task.upToDateWhen is false.
C/C++: starting build
C/C++: reading expected JSONs
C/C++: done reading expected JSONs
C/C++: executing build commands for targets that produce .so files or executables
C/C++: evaluate miniconfig
C/C++: no libraries
Resolve mutations for :app:mergeDebugJniLibFolders (Thread[#97,Execution worker Thread 5,5,main]) started.
:app:mergeDebugJniLibFolders (Thread[#97,Execution worker Thread 5,5,main]) started.

> Task :app:mergeDebugJniLibFolders UP-TO-DATE
Caching disabled for task ':app:mergeDebugJniLibFolders' because:
  Build cache is disabled
  Simple merging task
Skipping task ':app:mergeDebugJniLibFolders' as it is up-to-date.
Resolve mutations for :flutter_plugin_android_lifecycle:mergeDebugJniLibFolders (Thread[#97,Execution worker Thread 5,5,main]) started.
:flutter_plugin_android_lifecycle:mergeDebugJniLibFolders (Thread[#97,Execution worker Thread 5,5,main]) started.

> Task :flutter_plugin_android_lifecycle:mergeDebugJniLibFolders UP-TO-DATE
Caching disabled for task ':flutter_plugin_android_lifecycle:mergeDebugJniLibFolders' because:
  Build cache is disabled
  Simple merging task
Skipping task ':flutter_plugin_android_lifecycle:mergeDebugJniLibFolders' as it is up-to-date.
Resolve mutations for :flutter_plugin_android_lifecycle:mergeDebugNativeLibs (Thread[#97,Execution worker Thread 5,5,main]) started.
:flutter_plugin_android_lifecycle:mergeDebugNativeLibs (Thread[#97,Execution worker Thread 5,5,main]) started.

> Task :flutter_plugin_android_lifecycle:mergeDebugNativeLibs NO-SOURCE
Skipping task ':flutter_plugin_android_lifecycle:mergeDebugNativeLibs' as it has no source files and no previous output files.
Resolve mutations for :flutter_plugin_android_lifecycle:copyDebugJniLibsProjectOnly (Thread[#97,Execution worker Thread 5,5,main]) started.
:flutter_plugin_android_lifecycle:copyDebugJniLibsProjectOnly (Thread[#97,Execution worker Thread 5,5,main]) started.

> Task :flutter_plugin_android_lifecycle:copyDebugJniLibsProjectOnly UP-TO-DATE
Caching disabled for task ':flutter_plugin_android_lifecycle:copyDebugJniLibsProjectOnly' because:
  Build cache is disabled
  Caching has been disabled for the task
Skipping task ':flutter_plugin_android_lifecycle:copyDebugJniLibsProjectOnly' as it is up-to-date.
work action resolve jni (project :flutter_plugin_android_lifecycle) (Thread[#97,Execution worker Thread 5,5,main]) started.
Resolve mutations for :flutter_secure_storage:mergeDebugJniLibFolders (Thread[#97,Execution worker Thread 5,5,main]) started.
:flutter_secure_storage:mergeDebugJniLibFolders (Thread[#96,Execution worker Thread 4,5,main]) started.

> Task :flutter_secure_storage:mergeDebugJniLibFolders UP-TO-DATE
Caching disabled for task ':flutter_secure_storage:mergeDebugJniLibFolders' because:
  Build cache is disabled
  Simple merging task
Skipping task ':flutter_secure_storage:mergeDebugJniLibFolders' as it is up-to-date.
Resolve mutations for :flutter_secure_storage:mergeDebugNativeLibs (Thread[#96,Execution worker Thread 4,5,main]) started.
:flutter_secure_storage:mergeDebugNativeLibs (Thread[#96,Execution worker Thread 4,5,main]) started.

> Task :flutter_secure_storage:mergeDebugNativeLibs NO-SOURCE
Skipping task ':flutter_secure_storage:mergeDebugNativeLibs' as it has no source files and no previous output files.
Resolve mutations for :flutter_secure_storage:copyDebugJniLibsProjectOnly (Thread[#96,Execution worker Thread 4,5,main]) started.
:flutter_secure_storage:copyDebugJniLibsProjectOnly (Thread[#96,Execution worker Thread 4,5,main]) started.

> Task :flutter_secure_storage:copyDebugJniLibsProjectOnly UP-TO-DATE
Caching disabled for task ':flutter_secure_storage:copyDebugJniLibsProjectOnly' because:
  Build cache is disabled
  Caching has been disabled for the task
Skipping task ':flutter_secure_storage:copyDebugJniLibsProjectOnly' as it is up-to-date.
work action resolve jni (project :flutter_secure_storage) (Thread[#96,Execution worker Thread 4,5,main]) started.
Resolve mutations for :geocoding_android:mergeDebugJniLibFolders (Thread[#96,Execution worker Thread 4,5,main]) started.
:geocoding_android:mergeDebugJniLibFolders (Thread[#96,Execution worker Thread 4,5,main]) started.

> Task :geocoding_android:mergeDebugJniLibFolders UP-TO-DATE
Caching disabled for task ':geocoding_android:mergeDebugJniLibFolders' because:
  Build cache is disabled
  Simple merging task
Skipping task ':geocoding_android:mergeDebugJniLibFolders' as it is up-to-date.
Resolve mutations for :geocoding_android:mergeDebugNativeLibs (Thread[#96,Execution worker Thread 4,5,main]) started.
:geocoding_android:mergeDebugNativeLibs (Thread[#96,Execution worker Thread 4,5,main]) started.

> Task :geocoding_android:mergeDebugNativeLibs NO-SOURCE
Skipping task ':geocoding_android:mergeDebugNativeLibs' as it has no source files and no previous output files.
Resolve mutations for :geocoding_android:copyDebugJniLibsProjectOnly (Thread[#96,Execution worker Thread 4,5,main]) started.
:geocoding_android:copyDebugJniLibsProjectOnly (Thread[#96,Execution worker Thread 4,5,main]) started.

> Task :geocoding_android:copyDebugJniLibsProjectOnly UP-TO-DATE
Caching disabled for task ':geocoding_android:copyDebugJniLibsProjectOnly' because:
  Build cache is disabled
  Caching has been disabled for the task
Skipping task ':geocoding_android:copyDebugJniLibsProjectOnly' as it is up-to-date.
work action resolve jni (project :geocoding_android) (Thread[#96,Execution worker Thread 4,5,main]) started.
Resolve mutations for :geolocator_android:mergeDebugJniLibFolders (Thread[#96,Execution worker Thread 4,5,main]) started.
:geolocator_android:mergeDebugJniLibFolders (Thread[#96,Execution worker Thread 4,5,main]) started.

> Task :geolocator_android:mergeDebugJniLibFolders UP-TO-DATE
Caching disabled for task ':geolocator_android:mergeDebugJniLibFolders' because:
  Build cache is disabled
  Simple merging task
Skipping task ':geolocator_android:mergeDebugJniLibFolders' as it is up-to-date.
Resolve mutations for :geolocator_android:mergeDebugNativeLibs (Thread[#96,Execution worker Thread 4,5,main]) started.
:geolocator_android:mergeDebugNativeLibs (Thread[#96,Execution worker Thread 4,5,main]) started.

> Task :geolocator_android:mergeDebugNativeLibs NO-SOURCE
Skipping task ':geolocator_android:mergeDebugNativeLibs' as it has no source files and no previous output files.
Resolve mutations for :geolocator_android:copyDebugJniLibsProjectOnly (Thread[#96,Execution worker Thread 4,5,main]) started.
:geolocator_android:copyDebugJniLibsProjectOnly (Thread[#96,Execution worker Thread 4,5,main]) started.

> Task :geolocator_android:copyDebugJniLibsProjectOnly UP-TO-DATE
Caching disabled for task ':geolocator_android:copyDebugJniLibsProjectOnly' because:
  Build cache is disabled
  Caching has been disabled for the task
Skipping task ':geolocator_android:copyDebugJniLibsProjectOnly' as it is up-to-date.
work action resolve jni (project :geolocator_android) (Thread[#96,Execution worker Thread 4,5,main]) started.
Resolve mutations for :image_picker_android:mergeDebugJniLibFolders (Thread[#96,Execution worker Thread 4,5,main]) started.
:image_picker_android:mergeDebugJniLibFolders (Thread[#96,Execution worker Thread 4,5,main]) started.

> Task :image_picker_android:mergeDebugJniLibFolders UP-TO-DATE
Caching disabled for task ':image_picker_android:mergeDebugJniLibFolders' because:
  Build cache is disabled
  Simple merging task
Skipping task ':image_picker_android:mergeDebugJniLibFolders' as it is up-to-date.
Resolve mutations for :image_picker_android:mergeDebugNativeLibs (Thread[#96,Execution worker Thread 4,5,main]) started.
:image_picker_android:mergeDebugNativeLibs (Thread[#96,Execution worker Thread 4,5,main]) started.

> Task :image_picker_android:mergeDebugNativeLibs NO-SOURCE
Skipping task ':image_picker_android:mergeDebugNativeLibs' as it has no source files and no previous output files.
Resolve mutations for :image_picker_android:copyDebugJniLibsProjectOnly (Thread[#96,Execution worker Thread 4,5,main]) started.
:image_picker_android:copyDebugJniLibsProjectOnly (Thread[#96,Execution worker Thread 4,5,main]) started.

> Task :image_picker_android:copyDebugJniLibsProjectOnly UP-TO-DATE
Caching disabled for task ':image_picker_android:copyDebugJniLibsProjectOnly' because:
  Build cache is disabled
  Caching has been disabled for the task
Skipping task ':image_picker_android:copyDebugJniLibsProjectOnly' as it is up-to-date.
work action resolve jni (project :image_picker_android) (Thread[#96,Execution worker Thread 4,5,main]) started.
Resolve mutations for :mobile_scanner:mergeDebugJniLibFolders (Thread[#96,Execution worker Thread 4,5,main]) started.
:mobile_scanner:mergeDebugJniLibFolders (Thread[#96,Execution worker Thread 4,5,main]) started.

> Task :mobile_scanner:mergeDebugJniLibFolders UP-TO-DATE
Caching disabled for task ':mobile_scanner:mergeDebugJniLibFolders' because:
  Build cache is disabled
  Simple merging task
Skipping task ':mobile_scanner:mergeDebugJniLibFolders' as it is up-to-date.
Resolve mutations for :mobile_scanner:mergeDebugNativeLibs (Thread[#96,Execution worker Thread 4,5,main]) started.
:mobile_scanner:mergeDebugNativeLibs (Thread[#96,Execution worker Thread 4,5,main]) started.

> Task :mobile_scanner:mergeDebugNativeLibs NO-SOURCE
Skipping task ':mobile_scanner:mergeDebugNativeLibs' as it has no source files and no previous output files.
Resolve mutations for :mobile_scanner:copyDebugJniLibsProjectOnly (Thread[#96,Execution worker Thread 4,5,main]) started.
:mobile_scanner:copyDebugJniLibsProjectOnly (Thread[#96,Execution worker Thread 4,5,main]) started.

> Task :mobile_scanner:copyDebugJniLibsProjectOnly UP-TO-DATE
Caching disabled for task ':mobile_scanner:copyDebugJniLibsProjectOnly' because:
  Build cache is disabled
  Caching has been disabled for the task
Skipping task ':mobile_scanner:copyDebugJniLibsProjectOnly' as it is up-to-date.
work action resolve jni (project :mobile_scanner) (Thread[#96,Execution worker Thread 4,5,main]) started.
Resolve mutations for :onesignal_flutter:mergeDebugJniLibFolders (Thread[#96,Execution worker Thread 4,5,main]) started.
:onesignal_flutter:mergeDebugJniLibFolders (Thread[#96,Execution worker Thread 4,5,main]) started.

> Task :onesignal_flutter:mergeDebugJniLibFolders UP-TO-DATE
Caching disabled for task ':onesignal_flutter:mergeDebugJniLibFolders' because:
  Build cache is disabled
  Simple merging task
Skipping task ':onesignal_flutter:mergeDebugJniLibFolders' as it is up-to-date.
Resolve mutations for :onesignal_flutter:mergeDebugNativeLibs (Thread[#96,Execution worker Thread 4,5,main]) started.
:onesignal_flutter:mergeDebugNativeLibs (Thread[#96,Execution worker Thread 4,5,main]) started.

> Task :onesignal_flutter:mergeDebugNativeLibs NO-SOURCE
Skipping task ':onesignal_flutter:mergeDebugNativeLibs' as it has no source files and no previous output files.
Resolve mutations for :onesignal_flutter:copyDebugJniLibsProjectOnly (Thread[#96,Execution worker Thread 4,5,main]) started.
:onesignal_flutter:copyDebugJniLibsProjectOnly (Thread[#102,Execution worker Thread 10,5,main]) started.

> Task :onesignal_flutter:copyDebugJniLibsProjectOnly UP-TO-DATE
Caching disabled for task ':onesignal_flutter:copyDebugJniLibsProjectOnly' because:
  Build cache is disabled
  Caching has been disabled for the task
Skipping task ':onesignal_flutter:copyDebugJniLibsProjectOnly' as it is up-to-date.
work action resolve jni (project :onesignal_flutter) (Thread[#102,Execution worker Thread 10,5,main]) started.
Resolve mutations for :path_provider_android:mergeDebugJniLibFolders (Thread[#102,Execution worker Thread 10,5,main]) started.
:path_provider_android:mergeDebugJniLibFolders (Thread[#102,Execution worker Thread 10,5,main]) started.

> Task :path_provider_android:mergeDebugJniLibFolders UP-TO-DATE
Caching disabled for task ':path_provider_android:mergeDebugJniLibFolders' because:
  Build cache is disabled
  Simple merging task
Skipping task ':path_provider_android:mergeDebugJniLibFolders' as it is up-to-date.
Resolve mutations for :path_provider_android:mergeDebugNativeLibs (Thread[#102,Execution worker Thread 10,5,main]) started.
:path_provider_android:mergeDebugNativeLibs (Thread[#102,Execution worker Thread 10,5,main]) started.

> Task :path_provider_android:mergeDebugNativeLibs NO-SOURCE
Skipping task ':path_provider_android:mergeDebugNativeLibs' as it has no source files and no previous output files.
Resolve mutations for :path_provider_android:copyDebugJniLibsProjectOnly (Thread[#102,Execution worker Thread 10,5,main]) started.
:path_provider_android:copyDebugJniLibsProjectOnly (Thread[#102,Execution worker Thread 10,5,main]) started.

> Task :path_provider_android:copyDebugJniLibsProjectOnly UP-TO-DATE
Caching disabled for task ':path_provider_android:copyDebugJniLibsProjectOnly' because:
  Build cache is disabled
  Caching has been disabled for the task
Skipping task ':path_provider_android:copyDebugJniLibsProjectOnly' as it is up-to-date.
work action resolve jni (project :path_provider_android) (Thread[#102,Execution worker Thread 10,5,main]) started.
Resolve mutations for :permission_handler_android:mergeDebugJniLibFolders (Thread[#102,Execution worker Thread 10,5,main]) started.
:permission_handler_android:mergeDebugJniLibFolders (Thread[#102,Execution worker Thread 10,5,main]) started.

> Task :permission_handler_android:mergeDebugJniLibFolders UP-TO-DATE
Caching disabled for task ':permission_handler_android:mergeDebugJniLibFolders' because:
  Build cache is disabled
  Simple merging task
Skipping task ':permission_handler_android:mergeDebugJniLibFolders' as it is up-to-date.
Resolve mutations for :permission_handler_android:mergeDebugNativeLibs (Thread[#102,Execution worker Thread 10,5,main]) started.
:permission_handler_android:mergeDebugNativeLibs (Thread[#102,Execution worker Thread 10,5,main]) started.

> Task :permission_handler_android:mergeDebugNativeLibs NO-SOURCE
Skipping task ':permission_handler_android:mergeDebugNativeLibs' as it has no source files and no previous output files.
Resolve mutations for :permission_handler_android:copyDebugJniLibsProjectOnly (Thread[#102,Execution worker Thread 10,5,main]) started.
:permission_handler_android:copyDebugJniLibsProjectOnly (Thread[#102,Execution worker Thread 10,5,main]) started.

> Task :permission_handler_android:copyDebugJniLibsProjectOnly UP-TO-DATE
Caching disabled for task ':permission_handler_android:copyDebugJniLibsProjectOnly' because:
  Build cache is disabled
  Caching has been disabled for the task
Skipping task ':permission_handler_android:copyDebugJniLibsProjectOnly' as it is up-to-date.
work action resolve jni (project :permission_handler_android) (Thread[#102,Execution worker Thread 10,5,main]) started.
Resolve mutations for :shared_preferences_android:mergeDebugJniLibFolders (Thread[#102,Execution worker Thread 10,5,main]) started.
:shared_preferences_android:mergeDebugJniLibFolders (Thread[#102,Execution worker Thread 10,5,main]) started.

> Task :shared_preferences_android:mergeDebugJniLibFolders UP-TO-DATE
Caching disabled for task ':shared_preferences_android:mergeDebugJniLibFolders' because:
  Build cache is disabled
  Simple merging task
Skipping task ':shared_preferences_android:mergeDebugJniLibFolders' as it is up-to-date.
Resolve mutations for :shared_preferences_android:mergeDebugNativeLibs (Thread[#102,Execution worker Thread 10,5,main]) started.
:shared_preferences_android:mergeDebugNativeLibs (Thread[#102,Execution worker Thread 10,5,main]) started.

> Task :shared_preferences_android:mergeDebugNativeLibs NO-SOURCE
Skipping task ':shared_preferences_android:mergeDebugNativeLibs' as it has no source files and no previous output files.
Resolve mutations for :shared_preferences_android:copyDebugJniLibsProjectOnly (Thread[#102,Execution worker Thread 10,5,main]) started.
:shared_preferences_android:copyDebugJniLibsProjectOnly (Thread[#102,Execution worker Thread 10,5,main]) started.

> Task :shared_preferences_android:copyDebugJniLibsProjectOnly UP-TO-DATE
Caching disabled for task ':shared_preferences_android:copyDebugJniLibsProjectOnly' because:
  Build cache is disabled
  Caching has been disabled for the task
Skipping task ':shared_preferences_android:copyDebugJniLibsProjectOnly' as it is up-to-date.
work action resolve jni (project :shared_preferences_android) (Thread[#102,Execution worker Thread 10,5,main]) started.
Resolve mutations for :sqflite_android:mergeDebugJniLibFolders (Thread[#102,Execution worker Thread 10,5,main]) started.
:sqflite_android:mergeDebugJniLibFolders (Thread[#102,Execution worker Thread 10,5,main]) started.

> Task :sqflite_android:mergeDebugJniLibFolders UP-TO-DATE
Caching disabled for task ':sqflite_android:mergeDebugJniLibFolders' because:
  Build cache is disabled
  Simple merging task
Skipping task ':sqflite_android:mergeDebugJniLibFolders' as it is up-to-date.
Resolve mutations for :sqflite_android:mergeDebugNativeLibs (Thread[#102,Execution worker Thread 10,5,main]) started.
:sqflite_android:mergeDebugNativeLibs (Thread[#102,Execution worker Thread 10,5,main]) started.

> Task :sqflite_android:mergeDebugNativeLibs NO-SOURCE
Skipping task ':sqflite_android:mergeDebugNativeLibs' as it has no source files and no previous output files.
Resolve mutations for :sqflite_android:copyDebugJniLibsProjectOnly (Thread[#102,Execution worker Thread 10,5,main]) started.
:sqflite_android:copyDebugJniLibsProjectOnly (Thread[#102,Execution worker Thread 10,5,main]) started.

> Task :sqflite_android:copyDebugJniLibsProjectOnly UP-TO-DATE
Caching disabled for task ':sqflite_android:copyDebugJniLibsProjectOnly' because:
  Build cache is disabled
  Caching has been disabled for the task
Skipping task ':sqflite_android:copyDebugJniLibsProjectOnly' as it is up-to-date.
work action resolve jni (project :sqflite_android) (Thread[#102,Execution worker Thread 10,5,main]) started.
Resolve mutations for :url_launcher_android:mergeDebugJniLibFolders (Thread[#102,Execution worker Thread 10,5,main]) started.
:url_launcher_android:mergeDebugJniLibFolders (Thread[#102,Execution worker Thread 10,5,main]) started.

> Task :url_launcher_android:mergeDebugJniLibFolders UP-TO-DATE
Caching disabled for task ':url_launcher_android:mergeDebugJniLibFolders' because:
  Build cache is disabled
  Simple merging task
Skipping task ':url_launcher_android:mergeDebugJniLibFolders' as it is up-to-date.
Resolve mutations for :url_launcher_android:mergeDebugNativeLibs (Thread[#102,Execution worker Thread 10,5,main]) started.
:url_launcher_android:mergeDebugNativeLibs (Thread[#102,Execution worker Thread 10,5,main]) started.

> Task :url_launcher_android:mergeDebugNativeLibs NO-SOURCE
Skipping task ':url_launcher_android:mergeDebugNativeLibs' as it has no source files and no previous output files.
Resolve mutations for :url_launcher_android:copyDebugJniLibsProjectOnly (Thread[#102,Execution worker Thread 10,5,main]) started.
:url_launcher_android:copyDebugJniLibsProjectOnly (Thread[#102,Execution worker Thread 10,5,main]) started.

> Task :url_launcher_android:copyDebugJniLibsProjectOnly UP-TO-DATE
Caching disabled for task ':url_launcher_android:copyDebugJniLibsProjectOnly' because:
  Build cache is disabled
  Caching has been disabled for the task
Skipping task ':url_launcher_android:copyDebugJniLibsProjectOnly' as it is up-to-date.
work action resolve jni (project :url_launcher_android) (Thread[#102,Execution worker Thread 10,5,main]) started.
Resolve mutations for :webview_flutter_android:mergeDebugJniLibFolders (Thread[#102,Execution worker Thread 10,5,main]) started.
:webview_flutter_android:mergeDebugJniLibFolders (Thread[#102,Execution worker Thread 10,5,main]) started.

> Task :webview_flutter_android:mergeDebugJniLibFolders UP-TO-DATE
Caching disabled for task ':webview_flutter_android:mergeDebugJniLibFolders' because:
  Build cache is disabled
  Simple merging task
Skipping task ':webview_flutter_android:mergeDebugJniLibFolders' as it is up-to-date.
Resolve mutations for :webview_flutter_android:mergeDebugNativeLibs (Thread[#102,Execution worker Thread 10,5,main]) started.
:webview_flutter_android:mergeDebugNativeLibs (Thread[#102,Execution worker Thread 10,5,main]) started.

> Task :webview_flutter_android:mergeDebugNativeLibs NO-SOURCE
Skipping task ':webview_flutter_android:mergeDebugNativeLibs' as it has no source files and no previous output files.
Resolve mutations for :webview_flutter_android:copyDebugJniLibsProjectOnly (Thread[#102,Execution worker Thread 10,5,main]) started.
:webview_flutter_android:copyDebugJniLibsProjectOnly (Thread[#102,Execution worker Thread 10,5,main]) started.

> Task :webview_flutter_android:copyDebugJniLibsProjectOnly UP-TO-DATE
Caching disabled for task ':webview_flutter_android:copyDebugJniLibsProjectOnly' because:
  Build cache is disabled
  Caching has been disabled for the task
Skipping task ':webview_flutter_android:copyDebugJniLibsProjectOnly' as it is up-to-date.
work action resolve jni (project :webview_flutter_android) (Thread[#102,Execution worker Thread 10,5,main]) started.
Resolve mutations for :yandex_maps_mapkit:mergeDebugJniLibFolders (Thread[#102,Execution worker Thread 10,5,main]) started.
:yandex_maps_mapkit:mergeDebugJniLibFolders (Thread[#102,Execution worker Thread 10,5,main]) started.

> Task :yandex_maps_mapkit:mergeDebugJniLibFolders UP-TO-DATE
Caching disabled for task ':yandex_maps_mapkit:mergeDebugJniLibFolders' because:
  Build cache is disabled
  Simple merging task
Skipping task ':yandex_maps_mapkit:mergeDebugJniLibFolders' as it is up-to-date.
Resolve mutations for :yandex_maps_mapkit:mergeDebugNativeLibs (Thread[#102,Execution worker Thread 10,5,main]) started.
:yandex_maps_mapkit:mergeDebugNativeLibs (Thread[#102,Execution worker Thread 10,5,main]) started.

> Task :yandex_maps_mapkit:mergeDebugNativeLibs NO-SOURCE
Skipping task ':yandex_maps_mapkit:mergeDebugNativeLibs' as it has no source files and no previous output files.
Resolve mutations for :yandex_maps_mapkit:copyDebugJniLibsProjectOnly (Thread[#102,Execution worker Thread 10,5,main]) started.
:yandex_maps_mapkit:copyDebugJniLibsProjectOnly (Thread[#102,Execution worker Thread 10,5,main]) started.

> Task :yandex_maps_mapkit:copyDebugJniLibsProjectOnly UP-TO-DATE
Caching disabled for task ':yandex_maps_mapkit:copyDebugJniLibsProjectOnly' because:
  Build cache is disabled
  Caching has been disabled for the task
Skipping task ':yandex_maps_mapkit:copyDebugJniLibsProjectOnly' as it is up-to-date.
work action resolve jni (project :yandex_maps_mapkit) (Thread[#102,Execution worker Thread 10,5,main]) started.
Resolve mutations for :app:mergeDebugNativeLibs (Thread[#102,Execution worker Thread 10,5,main]) started.
:app:mergeDebugNativeLibs (Thread[#102,Execution worker Thread 10,5,main]) started.

> Task :app:compileDebugKotlin
Caching disabled for IdentityTransform: C:\Users\Utilisateur\build_pa\app\intermediates\flutter\debug\libs.jar because:
  Build cache is disabled
  Caching not enabled.
Adding -Xuse-inline-scopes-numbers Kotlin compiler flag for task :app:compileDebugAndroidTestKotlin
Caching disabled for BuildToolsApiClasspathEntrySnapshotTransform: C:\Users\Utilisateur\build_pa\app\intermediates\flutter\debug\libs.jar because:
  Build cache is disabled
Caching disabled for task ':app:compileDebugKotlin' because:
  Build cache is disabled
Task ':app:compileDebugKotlin' is not up-to-date because:
  Input property 'classpathSnapshotProperties.classpathSnapshot' file C:\Users\Utilisateur\.gradle\caches\8.14\transforms\b8aad757c41dcdb3d3c549d448d5ff73\transformed\annotations-23_0_0_jar-snapshot.bin has been removed.
  Input property 'classpathSnapshotProperties.classpathSnapshot' file C:\Users\Utilisateur\.gradle\caches\8.14\transforms\4c876f34b6b5b25e14d3778a832e4185\transformed\arm64_v8a_debug-1_0_0-425cfb54d01a9472b3e81d9e76fd63a4a44cfbcb_jar-snapshot.bin has been added.
  Input property 'classpathSnapshotProperties.classpathSnapshot' file C:\Users\Utilisateur\.gradle\caches\8.14\transforms\73b17d0950503de4dc6368d11c75497b\transformed\x86_64_debug-1_0_0-425cfb54d01a9472b3e81d9e76fd63a4a44cfbcb_jar-snapshot.bin has been added.
  and more...
file or directory 'C:\Users\Utilisateur\Documents\GitHub\monartisanpro-app\frontend_flutter\android\app\src\debug\kotlin', not found
file or directory 'C:\Users\Utilisateur\Documents\GitHub\monartisanpro-app\frontend_flutter\android\app\src\debug\java', not found
file or directory 'C:\Users\Utilisateur\Documents\GitHub\monartisanpro-app\frontend_flutter\android\app\src\debug\kotlin', not found
file or directory 'C:\Users\Utilisateur\Documents\GitHub\monartisanpro-app\frontend_flutter\android\app\src\debug\kotlin', not found
file or directory 'C:\Users\Utilisateur\Documents\GitHub\monartisanpro-app\frontend_flutter\android\app\src\debug\java', not found
file or directory 'C:\Users\Utilisateur\Documents\GitHub\monartisanpro-app\frontend_flutter\android\app\src\debug\java', not found
file or directory 'C:\Users\Utilisateur\Documents\GitHub\monartisanpro-app\frontend_flutter\android\app\src\debug\kotlin', not found
file or directory 'C:\Users\Utilisateur\Documents\GitHub\monartisanpro-app\frontend_flutter\android\app\src\debug\java', not found
file or directory 'C:\Users\Utilisateur\Documents\GitHub\monartisanpro-app\frontend_flutter\android\app\src\debug\kotlin', not found
file or directory 'C:\Users\Utilisateur\Documents\GitHub\monartisanpro-app\frontend_flutter\android\app\src\debug\kotlin', not found
file or directory 'C:\Users\Utilisateur\Documents\GitHub\monartisanpro-app\frontend_flutter\android\app\src\debug\java', not found
file or directory 'C:\Users\Utilisateur\Documents\GitHub\monartisanpro-app\frontend_flutter\android\app\src\debug\java', not found
file or directory 'C:\Users\Utilisateur\Documents\GitHub\monartisanpro-app\frontend_flutter\android\app\src\debug\kotlin', not found
file or directory 'C:\Users\Utilisateur\Documents\GitHub\monartisanpro-app\frontend_flutter\android\app\src\debug\java', not found
file or directory 'C:\Users\Utilisateur\Documents\GitHub\monartisanpro-app\frontend_flutter\android\app\src\debug\kotlin', not found
file or directory 'C:\Users\Utilisateur\Documents\GitHub\monartisanpro-app\frontend_flutter\android\app\src\debug\kotlin', not found
file or directory 'C:\Users\Utilisateur\Documents\GitHub\monartisanpro-app\frontend_flutter\android\app\src\debug\java', not found
file or directory 'C:\Users\Utilisateur\Documents\GitHub\monartisanpro-app\frontend_flutter\android\app\src\debug\java', not found
file or directory 'C:\Users\Utilisateur\Documents\GitHub\monartisanpro-app\frontend_flutter\android\app\src\debug\kotlin', not found
file or directory 'C:\Users\Utilisateur\Documents\GitHub\monartisanpro-app\frontend_flutter\android\app\src\debug\java', not found
file or directory 'C:\Users\Utilisateur\Documents\GitHub\monartisanpro-app\frontend_flutter\android\app\src\debug\kotlin', not found
file or directory 'C:\Users\Utilisateur\Documents\GitHub\monartisanpro-app\frontend_flutter\android\app\src\debug\kotlin', not found
file or directory 'C:\Users\Utilisateur\Documents\GitHub\monartisanpro-app\frontend_flutter\android\app\src\debug\java', not found
file or directory 'C:\Users\Utilisateur\Documents\GitHub\monartisanpro-app\frontend_flutter\android\app\src\debug\java', not found
Kotlin source files: C:\Users\Utilisateur\Documents\GitHub\monartisanpro-app\frontend_flutter\android\app\src\main\kotlin\com\example\frontend_flutter\MainActivity.kt, C:\Users\Utilisateur\Documents\GitHub\monartisanpro-app\frontend_flutter\android\app\src\main\kotlin\com\prosartisan\app\MainActivity.kt
Java source files: C:\Users\Utilisateur\Documents\GitHub\monartisanpro-app\frontend_flutter\android\app\src\main\java\io\flutter\plugins\GeneratedPluginRegistrant.java
Script source files: 
Script file extensions: 
Using Kotlin/JVM incremental compilation
[KOTLIN] Kotlin compilation 'jdkHome' argument: null
i: cannot connect to registry: Connection refused: connect
i: starting the daemon as: C:\Program Files\Eclipse Adoptium\jdk-21.0.11.10-hotspot\bin\java -cp C:\Users\Utilisateur\.gradle\caches\modules-2\files-2.1\org.jetbrains.kotlin\kotlin-compiler-embeddable\2.2.20\bb8331b7585e36ea311825b01a1c06860c055fd1\kotlin-compiler-embeddable-2.2.20.jar;C:\Users\Utilisateur\.gradle\caches\modules-2\files-2.1\org.jetbrains.kotlin\kotlin-stdlib\2.2.20\5380b19fa1924399b62ce3a1faffebb2b4f82272\kotlin-stdlib-2.2.20.jar;C:\Users\Utilisateur\.gradle\caches\modules-2\files-2.1\org.jetbrains.kotlin\kotlin-script-runtime\2.2.20\4c679cbeac0bb583b75c3a080013da8eaf240807\kotlin-script-runtime-2.2.20.jar;C:\Users\Utilisateur\.gradle\caches\modules-2\files-2.1\org.jetbrains.kotlin\kotlin-reflect\1.6.10\1cbe9c92c12a94eea200d23c2bbaedaf3daf5132\kotlin-reflect-1.6.10.jar;C:\Users\Utilisateur\.gradle\caches\modules-2\files-2.1\org.jetbrains.kotlin\kotlin-daemon-embeddable\2.2.20\feff12d48d7f1eb628742b0a721395e16f8755bf\kotlin-daemon-embeddable-2.2.20.jar;C:\Users\Utilisateur\.gradle\caches\modules-2\files-2.1\org.jetbrains.kotlinx\kotlinx-coroutines-core-jvm\1.8.0\ac1dc37a30a93150b704022f8d895ee1bd3a36b3\kotlinx-coroutines-core-jvm-1.8.0.jar;C:\Users\Utilisateur\.gradle\caches\modules-2\files-2.1\org.jetbrains\annotations\13.0\919f0dfe192fb4e063e7dacadee7f8bb9a2672a9\annotations-13.0.jar -Djava.awt.headless=true -Djava.rmi.server.hostname=127.0.0.1 -Xmx8G -XX:MaxMetaspaceSize=4G -XX:ReservedCodeCacheSize=512m -Dkotlin.environment.keepalive -ea -XX:+UseCodeCacheFlushing -XX:+UseParallelGC -Dkotlin.daemon.initiator.marker.file=C:\Users\UTILIS~1\AppData\Local\Temp\kotlin-compiler-in-monartisanproappandroidnested-2220352435324858271.alive --add-exports java.base/sun.nio.ch=ALL-UNNAMED org.jetbrains.kotlin.daemon.KotlinCompileDaemon --daemon-runFilesPath C:\Users\Utilisateur\AppData\Local\kotlin\daemon --daemon-autoshutdownIdleSeconds=7200 --daemon-compilerClasspath C:\Users\Utilisateur\.gradle\caches\modules-2\files-2.1\org.jetbrains.kotlin\kotlin-compiler-embeddable\2.2.20\bb8331b7585e36ea311825b01a1c06860c055fd1\kotlin-compiler-embeddable-2.2.20.jar;C:\Users\Utilisateur\.gradle\caches\modules-2\files-2.1\org.jetbrains.kotlin\kotlin-stdlib\2.2.20\5380b19fa1924399b62ce3a1faffebb2b4f82272\kotlin-stdlib-2.2.20.jar;C:\Users\Utilisateur\.gradle\caches\modules-2\files-2.1\org.jetbrains.kotlin\kotlin-script-runtime\2.2.20\4c679cbeac0bb583b75c3a080013da8eaf240807\kotlin-script-runtime-2.2.20.jar;C:\Users\Utilisateur\.gradle\caches\modules-2\files-2.1\org.jetbrains.kotlin\kotlin-reflect\1.6.10\1cbe9c92c12a94eea200d23c2bbaedaf3daf5132\kotlin-reflect-1.6.10.jar;C:\Users\Utilisateur\.gradle\caches\modules-2\files-2.1\org.jetbrains.kotlin\kotlin-daemon-embeddable\2.2.20\feff12d48d7f1eb628742b0a721395e16f8755bf\kotlin-daemon-embeddable-2.2.20.jar;C:\Users\Utilisateur\.gradle\caches\modules-2\files-2.1\org.jetbrains.kotlinx\kotlinx-coroutines-core-jvm\1.8.0\ac1dc37a30a93150b704022f8d895ee1bd3a36b3\kotlinx-coroutines-core-jvm-1.8.0.jar;C:\Users\Utilisateur\.gradle\caches\modules-2\files-2.1\org.jetbrains\annotations\13.0\919f0dfe192fb4e063e7dacadee7f8bb9a2672a9\annotations-13.0.jar
i: #1 retrying connecting to the daemon 
i: cannot connect to registry: Connection refused: connect
Options for KOTLIN DAEMON: IncrementalCompilationOptions(super=CompilationOptions(compilerMode=INCREMENTAL_COMPILER, targetPlatform=JVM, reportCategories=[0, 3], reportSeverity=2, requestedCompilationResults=[0], kotlinScriptExtensions=[]), sourceChanges=org.jetbrains.kotlin.buildtools.api.SourcesChanges$Known@6a5e5aa0, classpathChanges=ToBeComputedByIncrementalCompiler, workingDir=C:\Users\Utilisateur\build_pa\app\kotlin\compileDebugKotlin\cacheable, multiModuleICSettings=MultiModuleICSettings(buildHistoryFile=C:\Users\Utilisateur\build_pa\app\kotlin\compileDebugKotlin\local-state\build-history.bin, useModuleDetection=true), icFeatures=IncrementalCompilationFeatures(usePreciseJavaTracking=true, withAbiSnapshot=false, preciseCompilationResultsBackup=true, keepIncrementalCompilationCachesInMemory=true, enableUnsafeIncrementalCompilationForMultiplatform=false, enableMonotonousIncrementalCompileSetExpansion=true), outputFiles=[C:\Users\Utilisateur\build_pa\app\tmp\kotlin-classes\debug, C:\Users\Utilisateur\build_pa\app\kotlin\compileDebugKotlin\cacheable, C:\Users\Utilisateur\build_pa\app\kotlin\compileDebugKotlin\local-state])

> Task :app:compressDebugAssets
Caching disabled for task ':app:compressDebugAssets' because:
  Build cache is disabled
Task ':app:compressDebugAssets' is not up-to-date because:
  Input property 'inputDirs' file C:\Users\Utilisateur\build_pa\app\intermediates\assets\debug\mergeDebugAssets\flutter_assets\kernel_blob.bin has changed.

> Task :app:compileDebugKotlin
Finished executing kotlin compiler using DAEMON strategy

> Task :app:mergeDebugNativeLibs
Caching disabled for ExtractJniTransform: C:\Users\Utilisateur\build_pa\app\intermediates\flutter\debug\libs.jar because:
  Build cache is disabled
Caching disabled for task ':app:mergeDebugNativeLibs' because:
  Build cache is disabled
  Caching has been disabled for the task
Task ':app:mergeDebugNativeLibs' is not up-to-date because:
  Input property 'externalLibNativeLibs' file C:\Users\Utilisateur\.gradle\caches\8.14\transforms\3a60b9b20a6b7c90cb7b7ff4e2aceb54\transformed\armeabi_v7a_debug-1.0.0-425cfb54d01a9472b3e81d9e76fd63a4a44cfbcb\armeabi-v7a\libflutter.so has been added.
  Input property 'externalLibNativeLibs' file C:\Users\Utilisateur\.gradle\caches\8.14\transforms\90bc00c124ee291ccc49e45112422db7\transformed\x86_64_debug-1.0.0-425cfb54d01a9472b3e81d9e76fd63a4a44cfbcb\x86_64\libflutter.so has been added.

Resolve mutations for :app:compileDebugJavaWithJavac (Thread[#93,Execution worker,5,main]) started.
:app:compileDebugJavaWithJavac (Thread[#93,Execution worker,5,main]) started.

> Task :app:compileDebugJavaWithJavac
Custom actions are attached to task ':app:compileDebugJavaWithJavac'.
Caching disabled for task ':app:compileDebugJavaWithJavac' because:
  Build cache is disabled
Task ':app:compileDebugJavaWithJavac' is not up-to-date because:
  Input property 'options.compilerArgumentProviders.$0.generatedModuleFile' file C:\Users\Utilisateur\.gradle\caches\8.14\transforms\232b1f9e2cbae23b3b1ad5e6326a87cd\transformed\output\jdkImage\lib\modules has changed.
The input changes require a full rebuild for incremental task ':app:compileDebugJavaWithJavac'.
Compilation mode: in-process compilation
Full recompilation is required because no incremental change information is available. This is usually caused by clean builds or changing compiler arguments.
Compiling with toolchain 'C:\Program Files\Eclipse Adoptium\jdk-21.0.11.10-hotspot'.
file or directory 'C:\Users\Utilisateur\Documents\GitHub\monartisanpro-app\frontend_flutter\android\app\src\debug\java', not found
Compiling with JDK Java compiler API.
Class dependency analysis for incremental compilation took 0.004 secs.
Created classpath snapshot for incremental compilation in 0.05 secs.
Resolve mutations for :app:dexBuilderDebug (Thread[#93,Execution worker,5,main]) started.
:app:dexBuilderDebug (Thread[#93,Execution worker,5,main]) started.

> Task :app:dexBuilderDebug UP-TO-DATE
Caching disabled for task ':app:dexBuilderDebug' because:
  Build cache is disabled
Skipping task ':app:dexBuilderDebug' as it is up-to-date.
Resolve mutations for :app:mergeDebugGlobalSynthetics (Thread[#96,Execution worker Thread 4,5,main]) started.
:app:mergeDebugGlobalSynthetics (Thread[#96,Execution worker Thread 4,5,main]) started.

> Task :app:mergeDebugGlobalSynthetics UP-TO-DATE
Caching disabled for task ':app:mergeDebugGlobalSynthetics' because:
  Build cache is disabled
Skipping task ':app:mergeDebugGlobalSynthetics' as it is up-to-date.
Resolve mutations for :app:processDebugJavaRes (Thread[#96,Execution worker Thread 4,5,main]) started.
:app:processDebugJavaRes (Thread[#96,Execution worker Thread 4,5,main]) started.

> Task :app:processDebugJavaRes UP-TO-DATE
file or directory 'C:\Users\Utilisateur\Documents\GitHub\monartisanpro-app\frontend_flutter\android\app\src\main\resources', not found
file or directory 'C:\Users\Utilisateur\Documents\GitHub\monartisanpro-app\frontend_flutter\android\app\src\debug\resources', not found
file or directory 'C:\Users\Utilisateur\Documents\GitHub\monartisanpro-app\frontend_flutter\android\app\src\main\resources', not found
file or directory 'C:\Users\Utilisateur\Documents\GitHub\monartisanpro-app\frontend_flutter\android\app\src\debug\resources', not found
Caching disabled for task ':app:processDebugJavaRes' because:
  Build cache is disabled
  Caching has been disabled for the task
Skipping task ':app:processDebugJavaRes' as it is up-to-date.
Resolve mutations for :app:mergeDebugJavaResource (Thread[#96,Execution worker Thread 4,5,main]) started.
:app:mergeDebugJavaResource (Thread[#96,Execution worker Thread 4,5,main]) started.
Resolve mutations for :app:mergeProjectDexDebug (Thread[#99,Execution worker Thread 7,5,main]) started.
:app:mergeProjectDexDebug (Thread[#99,Execution worker Thread 7,5,main]) started.

> Task :app:mergeProjectDexDebug UP-TO-DATE
Caching disabled for task ':app:mergeProjectDexDebug' because:
  Build cache is disabled
Skipping task ':app:mergeProjectDexDebug' as it is up-to-date.
Resolve mutations for :app:validateSigningDebug (Thread[#99,Execution worker Thread 7,5,main]) started.
:app:validateSigningDebug (Thread[#99,Execution worker Thread 7,5,main]) started.

> Task :app:validateSigningDebug UP-TO-DATE
Caching disabled for task ':app:validateSigningDebug' because:
  Build cache is disabled
  Caching has been disabled for the task
Skipping task ':app:validateSigningDebug' as it is up-to-date.
Resolve mutations for :app:writeDebugAppMetadata (Thread[#99,Execution worker Thread 7,5,main]) started.
:app:writeDebugAppMetadata (Thread[#99,Execution worker Thread 7,5,main]) started.

> Task :app:writeDebugAppMetadata UP-TO-DATE
Caching disabled for task ':app:writeDebugAppMetadata' because:
  Build cache is disabled
  Caching has been disabled for the task
Skipping task ':app:writeDebugAppMetadata' as it is up-to-date.
Resolve mutations for :app:writeDebugSigningConfigVersions (Thread[#99,Execution worker Thread 7,5,main]) started.
:app:writeDebugSigningConfigVersions (Thread[#99,Execution worker Thread 7,5,main]) started.

> Task :app:writeDebugSigningConfigVersions UP-TO-DATE
Caching disabled for task ':app:writeDebugSigningConfigVersions' because:
  Build cache is disabled
  Caching has been disabled for the task
Skipping task ':app:writeDebugSigningConfigVersions' as it is up-to-date.
Resolve mutations for :flutter_plugin_android_lifecycle:stripDebugDebugSymbols (Thread[#99,Execution worker Thread 7,5,main]) started.
:flutter_plugin_android_lifecycle:stripDebugDebugSymbols (Thread[#99,Execution worker Thread 7,5,main]) started.

> Task :flutter_plugin_android_lifecycle:stripDebugDebugSymbols NO-SOURCE
Skipping task ':flutter_plugin_android_lifecycle:stripDebugDebugSymbols' as it has no source files and no previous output files.
Resolve mutations for :flutter_plugin_android_lifecycle:copyDebugJniLibsProjectAndLocalJars (Thread[#99,Execution worker Thread 7,5,main]) started.
:flutter_plugin_android_lifecycle:copyDebugJniLibsProjectAndLocalJars (Thread[#99,Execution worker Thread 7,5,main]) started.

> Task :flutter_plugin_android_lifecycle:copyDebugJniLibsProjectAndLocalJars UP-TO-DATE
Caching disabled for task ':flutter_plugin_android_lifecycle:copyDebugJniLibsProjectAndLocalJars' because:
  Build cache is disabled
  Caching has been disabled for the task
Skipping task ':flutter_plugin_android_lifecycle:copyDebugJniLibsProjectAndLocalJars' as it is up-to-date.
Resolve mutations for :flutter_plugin_android_lifecycle:extractDebugAnnotations (Thread[#99,Execution worker Thread 7,5,main]) started.
:flutter_plugin_android_lifecycle:extractDebugAnnotations (Thread[#99,Execution worker Thread 7,5,main]) started.

> Task :flutter_plugin_android_lifecycle:extractDebugAnnotations UP-TO-DATE
Caching disabled for task ':flutter_plugin_android_lifecycle:extractDebugAnnotations' because:
  Build cache is disabled
Skipping task ':flutter_plugin_android_lifecycle:extractDebugAnnotations' as it is up-to-date.
Resolve mutations for :flutter_plugin_android_lifecycle:extractDeepLinksForAarDebug (Thread[#99,Execution worker Thread 7,5,main]) started.
:flutter_plugin_android_lifecycle:extractDeepLinksForAarDebug (Thread[#99,Execution worker Thread 7,5,main]) started.

> Task :flutter_plugin_android_lifecycle:extractDeepLinksForAarDebug UP-TO-DATE
Caching disabled for task ':flutter_plugin_android_lifecycle:extractDeepLinksForAarDebug' because:
  Build cache is disabled
Skipping task ':flutter_plugin_android_lifecycle:extractDeepLinksForAarDebug' as it is up-to-date.
Resolve mutations for :flutter_plugin_android_lifecycle:mergeDebugGeneratedProguardFiles (Thread[#99,Execution worker Thread 7,5,main]) started.
:flutter_plugin_android_lifecycle:mergeDebugGeneratedProguardFiles (Thread[#99,Execution worker Thread 7,5,main]) started.

> Task :flutter_plugin_android_lifecycle:mergeDebugGeneratedProguardFiles UP-TO-DATE
Caching disabled for task ':flutter_plugin_android_lifecycle:mergeDebugGeneratedProguardFiles' because:
  Build cache is disabled
  Simple merging task
Skipping task ':flutter_plugin_android_lifecycle:mergeDebugGeneratedProguardFiles' as it is up-to-date.
Resolve mutations for :flutter_plugin_android_lifecycle:mergeDebugConsumerProguardFiles (Thread[#99,Execution worker Thread 7,5,main]) started.
:flutter_plugin_android_lifecycle:mergeDebugConsumerProguardFiles (Thread[#99,Execution worker Thread 7,5,main]) started.

> Task :flutter_plugin_android_lifecycle:mergeDebugConsumerProguardFiles UP-TO-DATE
Caching disabled for task ':flutter_plugin_android_lifecycle:mergeDebugConsumerProguardFiles' because:
  Build cache is disabled
  Simple merging task
Skipping task ':flutter_plugin_android_lifecycle:mergeDebugConsumerProguardFiles' as it is up-to-date.
Resolve mutations for :flutter_plugin_android_lifecycle:prepareDebugArtProfile (Thread[#99,Execution worker Thread 7,5,main]) started.
:flutter_plugin_android_lifecycle:prepareDebugArtProfile (Thread[#99,Execution worker Thread 7,5,main]) started.

> Task :flutter_plugin_android_lifecycle:prepareDebugArtProfile UP-TO-DATE
Caching disabled for task ':flutter_plugin_android_lifecycle:prepareDebugArtProfile' because:
  Build cache is disabled
  Caching has been disabled for the task
Skipping task ':flutter_plugin_android_lifecycle:prepareDebugArtProfile' as it is up-to-date.
Resolve mutations for :flutter_plugin_android_lifecycle:prepareLintJarForPublish (Thread[#99,Execution worker Thread 7,5,main]) started.
:flutter_plugin_android_lifecycle:prepareLintJarForPublish (Thread[#99,Execution worker Thread 7,5,main]) started.

> Task :flutter_plugin_android_lifecycle:prepareLintJarForPublish UP-TO-DATE
Caching disabled for task ':flutter_plugin_android_lifecycle:prepareLintJarForPublish' because:
  Build cache is disabled
  Caching has been disabled for the task
Skipping task ':flutter_plugin_android_lifecycle:prepareLintJarForPublish' as it is up-to-date.
Resolve mutations for :flutter_plugin_android_lifecycle:mergeDebugJavaResource (Thread[#99,Execution worker Thread 7,5,main]) started.
:flutter_plugin_android_lifecycle:mergeDebugJavaResource (Thread[#99,Execution worker Thread 7,5,main]) started.

> Task :flutter_plugin_android_lifecycle:mergeDebugJavaResource UP-TO-DATE
Caching disabled for task ':flutter_plugin_android_lifecycle:mergeDebugJavaResource' because:
  Build cache is disabled
  Caching has been disabled for the task
Skipping task ':flutter_plugin_android_lifecycle:mergeDebugJavaResource' as it is up-to-date.
Resolve mutations for :flutter_plugin_android_lifecycle:syncDebugLibJars (Thread[#99,Execution worker Thread 7,5,main]) started.
:flutter_plugin_android_lifecycle:syncDebugLibJars (Thread[#99,Execution worker Thread 7,5,main]) started.

> Task :flutter_plugin_android_lifecycle:syncDebugLibJars UP-TO-DATE
Caching disabled for task ':flutter_plugin_android_lifecycle:syncDebugLibJars' because:
  Build cache is disabled
Skipping task ':flutter_plugin_android_lifecycle:syncDebugLibJars' as it is up-to-date.
Resolve mutations for :flutter_plugin_android_lifecycle:bundleDebugAar (Thread[#99,Execution worker Thread 7,5,main]) started.
:flutter_plugin_android_lifecycle:bundleDebugAar (Thread[#99,Execution worker Thread 7,5,main]) started.

> Task :flutter_plugin_android_lifecycle:bundleDebugAar UP-TO-DATE
Caching disabled for task ':flutter_plugin_android_lifecycle:bundleDebugAar' because:
  Build cache is disabled
  Caching has been disabled for the task
Skipping task ':flutter_plugin_android_lifecycle:bundleDebugAar' as it is up-to-date.
Resolve mutations for :flutter_plugin_android_lifecycle:assembleDebug (Thread[#99,Execution worker Thread 7,5,main]) started.
:flutter_plugin_android_lifecycle:assembleDebug (Thread[#99,Execution worker Thread 7,5,main]) started.

> Task :flutter_plugin_android_lifecycle:assembleDebug UP-TO-DATE
Skipping task ':flutter_plugin_android_lifecycle:assembleDebug' as it has no actions.
Resolve mutations for :flutter_secure_storage:stripDebugDebugSymbols (Thread[#99,Execution worker Thread 7,5,main]) started.
:flutter_secure_storage:stripDebugDebugSymbols (Thread[#99,Execution worker Thread 7,5,main]) started.

> Task :flutter_secure_storage:stripDebugDebugSymbols NO-SOURCE
Skipping task ':flutter_secure_storage:stripDebugDebugSymbols' as it has no source files and no previous output files.
Resolve mutations for :flutter_secure_storage:copyDebugJniLibsProjectAndLocalJars (Thread[#99,Execution worker Thread 7,5,main]) started.
:flutter_secure_storage:copyDebugJniLibsProjectAndLocalJars (Thread[#99,Execution worker Thread 7,5,main]) started.

> Task :flutter_secure_storage:copyDebugJniLibsProjectAndLocalJars UP-TO-DATE
Caching disabled for task ':flutter_secure_storage:copyDebugJniLibsProjectAndLocalJars' because:
  Build cache is disabled
  Caching has been disabled for the task
Skipping task ':flutter_secure_storage:copyDebugJniLibsProjectAndLocalJars' as it is up-to-date.
Resolve mutations for :flutter_secure_storage:extractDebugAnnotations (Thread[#99,Execution worker Thread 7,5,main]) started.
:flutter_secure_storage:extractDebugAnnotations (Thread[#99,Execution worker Thread 7,5,main]) started.

> Task :flutter_secure_storage:extractDebugAnnotations UP-TO-DATE
Caching disabled for task ':flutter_secure_storage:extractDebugAnnotations' because:
  Build cache is disabled
Skipping task ':flutter_secure_storage:extractDebugAnnotations' as it is up-to-date.
Resolve mutations for :flutter_secure_storage:extractDeepLinksForAarDebug (Thread[#99,Execution worker Thread 7,5,main]) started.
:flutter_secure_storage:extractDeepLinksForAarDebug (Thread[#99,Execution worker Thread 7,5,main]) started.

> Task :flutter_secure_storage:extractDeepLinksForAarDebug UP-TO-DATE
Caching disabled for task ':flutter_secure_storage:extractDeepLinksForAarDebug' because:
  Build cache is disabled
Skipping task ':flutter_secure_storage:extractDeepLinksForAarDebug' as it is up-to-date.
Resolve mutations for :flutter_secure_storage:mergeDebugGeneratedProguardFiles (Thread[#99,Execution worker Thread 7,5,main]) started.
:flutter_secure_storage:mergeDebugGeneratedProguardFiles (Thread[#97,Execution worker Thread 5,5,main]) started.

> Task :flutter_secure_storage:mergeDebugGeneratedProguardFiles UP-TO-DATE
Caching disabled for task ':flutter_secure_storage:mergeDebugGeneratedProguardFiles' because:
  Build cache is disabled
  Simple merging task
Skipping task ':flutter_secure_storage:mergeDebugGeneratedProguardFiles' as it is up-to-date.
Resolve mutations for :flutter_secure_storage:mergeDebugConsumerProguardFiles (Thread[#99,Execution worker Thread 7,5,main]) started.
:flutter_secure_storage:mergeDebugConsumerProguardFiles (Thread[#99,Execution worker Thread 7,5,main]) started.

> Task :flutter_secure_storage:mergeDebugConsumerProguardFiles UP-TO-DATE
Caching disabled for task ':flutter_secure_storage:mergeDebugConsumerProguardFiles' because:
  Build cache is disabled
  Simple merging task
Skipping task ':flutter_secure_storage:mergeDebugConsumerProguardFiles' as it is up-to-date.
Resolve mutations for :flutter_secure_storage:prepareDebugArtProfile (Thread[#99,Execution worker Thread 7,5,main]) started.
:flutter_secure_storage:prepareDebugArtProfile (Thread[#99,Execution worker Thread 7,5,main]) started.

> Task :flutter_secure_storage:prepareDebugArtProfile UP-TO-DATE
Caching disabled for task ':flutter_secure_storage:prepareDebugArtProfile' because:
  Build cache is disabled
  Caching has been disabled for the task
Skipping task ':flutter_secure_storage:prepareDebugArtProfile' as it is up-to-date.
Resolve mutations for :flutter_secure_storage:prepareLintJarForPublish (Thread[#99,Execution worker Thread 7,5,main]) started.
:flutter_secure_storage:prepareLintJarForPublish (Thread[#99,Execution worker Thread 7,5,main]) started.

> Task :flutter_secure_storage:prepareLintJarForPublish UP-TO-DATE
Caching disabled for task ':flutter_secure_storage:prepareLintJarForPublish' because:
  Build cache is disabled
  Caching has been disabled for the task
Skipping task ':flutter_secure_storage:prepareLintJarForPublish' as it is up-to-date.
Resolve mutations for :flutter_secure_storage:mergeDebugJavaResource (Thread[#99,Execution worker Thread 7,5,main]) started.
:flutter_secure_storage:mergeDebugJavaResource (Thread[#99,Execution worker Thread 7,5,main]) started.

> Task :flutter_secure_storage:mergeDebugJavaResource UP-TO-DATE
Caching disabled for task ':flutter_secure_storage:mergeDebugJavaResource' because:
  Build cache is disabled
  Caching has been disabled for the task
Skipping task ':flutter_secure_storage:mergeDebugJavaResource' as it is up-to-date.
Resolve mutations for :flutter_secure_storage:syncDebugLibJars (Thread[#99,Execution worker Thread 7,5,main]) started.
:flutter_secure_storage:syncDebugLibJars (Thread[#99,Execution worker Thread 7,5,main]) started.

> Task :flutter_secure_storage:syncDebugLibJars UP-TO-DATE
Caching disabled for task ':flutter_secure_storage:syncDebugLibJars' because:
  Build cache is disabled
Skipping task ':flutter_secure_storage:syncDebugLibJars' as it is up-to-date.
Resolve mutations for :flutter_secure_storage:bundleDebugAar (Thread[#99,Execution worker Thread 7,5,main]) started.
:flutter_secure_storage:bundleDebugAar (Thread[#99,Execution worker Thread 7,5,main]) started.

> Task :flutter_secure_storage:bundleDebugAar UP-TO-DATE
Caching disabled for task ':flutter_secure_storage:bundleDebugAar' because:
  Build cache is disabled
  Caching has been disabled for the task
Skipping task ':flutter_secure_storage:bundleDebugAar' as it is up-to-date.
Resolve mutations for :flutter_secure_storage:assembleDebug (Thread[#99,Execution worker Thread 7,5,main]) started.
:flutter_secure_storage:assembleDebug (Thread[#99,Execution worker Thread 7,5,main]) started.

> Task :flutter_secure_storage:assembleDebug UP-TO-DATE
Skipping task ':flutter_secure_storage:assembleDebug' as it has no actions.
Resolve mutations for :geocoding_android:stripDebugDebugSymbols (Thread[#99,Execution worker Thread 7,5,main]) started.
:geocoding_android:stripDebugDebugSymbols (Thread[#99,Execution worker Thread 7,5,main]) started.

> Task :geocoding_android:stripDebugDebugSymbols NO-SOURCE
Skipping task ':geocoding_android:stripDebugDebugSymbols' as it has no source files and no previous output files.
Resolve mutations for :geocoding_android:copyDebugJniLibsProjectAndLocalJars (Thread[#99,Execution worker Thread 7,5,main]) started.
:geocoding_android:copyDebugJniLibsProjectAndLocalJars (Thread[#99,Execution worker Thread 7,5,main]) started.

> Task :geocoding_android:copyDebugJniLibsProjectAndLocalJars UP-TO-DATE
Caching disabled for task ':geocoding_android:copyDebugJniLibsProjectAndLocalJars' because:
  Build cache is disabled
  Caching has been disabled for the task
Skipping task ':geocoding_android:copyDebugJniLibsProjectAndLocalJars' as it is up-to-date.
Resolve mutations for :geocoding_android:extractDebugAnnotations (Thread[#99,Execution worker Thread 7,5,main]) started.
:geocoding_android:extractDebugAnnotations (Thread[#99,Execution worker Thread 7,5,main]) started.

> Task :geocoding_android:extractDebugAnnotations UP-TO-DATE
Caching disabled for task ':geocoding_android:extractDebugAnnotations' because:
  Build cache is disabled
Skipping task ':geocoding_android:extractDebugAnnotations' as it is up-to-date.
Resolve mutations for :geocoding_android:extractDeepLinksForAarDebug (Thread[#99,Execution worker Thread 7,5,main]) started.
:geocoding_android:extractDeepLinksForAarDebug (Thread[#99,Execution worker Thread 7,5,main]) started.

> Task :geocoding_android:extractDeepLinksForAarDebug UP-TO-DATE
Caching disabled for task ':geocoding_android:extractDeepLinksForAarDebug' because:
  Build cache is disabled
Skipping task ':geocoding_android:extractDeepLinksForAarDebug' as it is up-to-date.
Resolve mutations for :geocoding_android:mergeDebugGeneratedProguardFiles (Thread[#99,Execution worker Thread 7,5,main]) started.
:geocoding_android:mergeDebugGeneratedProguardFiles (Thread[#99,Execution worker Thread 7,5,main]) started.

> Task :geocoding_android:mergeDebugGeneratedProguardFiles UP-TO-DATE
Caching disabled for task ':geocoding_android:mergeDebugGeneratedProguardFiles' because:
  Build cache is disabled
  Simple merging task
Skipping task ':geocoding_android:mergeDebugGeneratedProguardFiles' as it is up-to-date.
Resolve mutations for :geocoding_android:mergeDebugConsumerProguardFiles (Thread[#99,Execution worker Thread 7,5,main]) started.
:geocoding_android:mergeDebugConsumerProguardFiles (Thread[#99,Execution worker Thread 7,5,main]) started.

> Task :geocoding_android:mergeDebugConsumerProguardFiles UP-TO-DATE
Caching disabled for task ':geocoding_android:mergeDebugConsumerProguardFiles' because:
  Build cache is disabled
  Simple merging task
Skipping task ':geocoding_android:mergeDebugConsumerProguardFiles' as it is up-to-date.
Resolve mutations for :geocoding_android:prepareDebugArtProfile (Thread[#99,Execution worker Thread 7,5,main]) started.
:geocoding_android:prepareDebugArtProfile (Thread[#103,Execution worker Thread 11,5,main]) started.

> Task :geocoding_android:prepareDebugArtProfile UP-TO-DATE
Caching disabled for task ':geocoding_android:prepareDebugArtProfile' because:
  Build cache is disabled
  Caching has been disabled for the task
Skipping task ':geocoding_android:prepareDebugArtProfile' as it is up-to-date.
Resolve mutations for :geocoding_android:prepareLintJarForPublish (Thread[#103,Execution worker Thread 11,5,main]) started.
:geocoding_android:prepareLintJarForPublish (Thread[#103,Execution worker Thread 11,5,main]) started.

> Task :geocoding_android:prepareLintJarForPublish UP-TO-DATE
Caching disabled for task ':geocoding_android:prepareLintJarForPublish' because:
  Build cache is disabled
  Caching has been disabled for the task
Skipping task ':geocoding_android:prepareLintJarForPublish' as it is up-to-date.
Resolve mutations for :geocoding_android:mergeDebugJavaResource (Thread[#103,Execution worker Thread 11,5,main]) started.
:geocoding_android:mergeDebugJavaResource (Thread[#103,Execution worker Thread 11,5,main]) started.

> Task :geocoding_android:mergeDebugJavaResource UP-TO-DATE
Caching disabled for task ':geocoding_android:mergeDebugJavaResource' because:
  Build cache is disabled
  Caching has been disabled for the task
Skipping task ':geocoding_android:mergeDebugJavaResource' as it is up-to-date.
Resolve mutations for :geocoding_android:syncDebugLibJars (Thread[#103,Execution worker Thread 11,5,main]) started.
:geocoding_android:syncDebugLibJars (Thread[#103,Execution worker Thread 11,5,main]) started.

> Task :geocoding_android:syncDebugLibJars UP-TO-DATE
Caching disabled for task ':geocoding_android:syncDebugLibJars' because:
  Build cache is disabled
Skipping task ':geocoding_android:syncDebugLibJars' as it is up-to-date.
Resolve mutations for :geocoding_android:bundleDebugAar (Thread[#103,Execution worker Thread 11,5,main]) started.
:geocoding_android:bundleDebugAar (Thread[#103,Execution worker Thread 11,5,main]) started.

> Task :geocoding_android:bundleDebugAar UP-TO-DATE
Caching disabled for task ':geocoding_android:bundleDebugAar' because:
  Build cache is disabled
  Caching has been disabled for the task
Skipping task ':geocoding_android:bundleDebugAar' as it is up-to-date.
Resolve mutations for :geocoding_android:assembleDebug (Thread[#103,Execution worker Thread 11,5,main]) started.
:geocoding_android:assembleDebug (Thread[#103,Execution worker Thread 11,5,main]) started.

> Task :geocoding_android:assembleDebug UP-TO-DATE
Skipping task ':geocoding_android:assembleDebug' as it has no actions.
Resolve mutations for :geolocator_android:stripDebugDebugSymbols (Thread[#103,Execution worker Thread 11,5,main]) started.
:geolocator_android:stripDebugDebugSymbols (Thread[#103,Execution worker Thread 11,5,main]) started.

> Task :geolocator_android:stripDebugDebugSymbols NO-SOURCE
Skipping task ':geolocator_android:stripDebugDebugSymbols' as it has no source files and no previous output files.
Resolve mutations for :geolocator_android:copyDebugJniLibsProjectAndLocalJars (Thread[#103,Execution worker Thread 11,5,main]) started.
:geolocator_android:copyDebugJniLibsProjectAndLocalJars (Thread[#103,Execution worker Thread 11,5,main]) started.

> Task :geolocator_android:copyDebugJniLibsProjectAndLocalJars UP-TO-DATE
Caching disabled for task ':geolocator_android:copyDebugJniLibsProjectAndLocalJars' because:
  Build cache is disabled
  Caching has been disabled for the task
Skipping task ':geolocator_android:copyDebugJniLibsProjectAndLocalJars' as it is up-to-date.
Resolve mutations for :geolocator_android:extractDebugAnnotations (Thread[#103,Execution worker Thread 11,5,main]) started.
:geolocator_android:extractDebugAnnotations (Thread[#103,Execution worker Thread 11,5,main]) started.

> Task :geolocator_android:extractDebugAnnotations UP-TO-DATE
Caching disabled for task ':geolocator_android:extractDebugAnnotations' because:
  Build cache is disabled
Skipping task ':geolocator_android:extractDebugAnnotations' as it is up-to-date.
Resolve mutations for :geolocator_android:extractDeepLinksForAarDebug (Thread[#103,Execution worker Thread 11,5,main]) started.
:geolocator_android:extractDeepLinksForAarDebug (Thread[#103,Execution worker Thread 11,5,main]) started.

> Task :geolocator_android:extractDeepLinksForAarDebug UP-TO-DATE
Caching disabled for task ':geolocator_android:extractDeepLinksForAarDebug' because:
  Build cache is disabled
Skipping task ':geolocator_android:extractDeepLinksForAarDebug' as it is up-to-date.
Resolve mutations for :geolocator_android:mergeDebugGeneratedProguardFiles (Thread[#103,Execution worker Thread 11,5,main]) started.
:geolocator_android:mergeDebugGeneratedProguardFiles (Thread[#103,Execution worker Thread 11,5,main]) started.

> Task :geolocator_android:mergeDebugGeneratedProguardFiles UP-TO-DATE
Caching disabled for task ':geolocator_android:mergeDebugGeneratedProguardFiles' because:
  Build cache is disabled
  Simple merging task
Skipping task ':geolocator_android:mergeDebugGeneratedProguardFiles' as it is up-to-date.
Resolve mutations for :geolocator_android:mergeDebugConsumerProguardFiles (Thread[#99,Execution worker Thread 7,5,main]) started.
:geolocator_android:mergeDebugConsumerProguardFiles (Thread[#99,Execution worker Thread 7,5,main]) started.

> Task :geolocator_android:mergeDebugConsumerProguardFiles UP-TO-DATE
Caching disabled for task ':geolocator_android:mergeDebugConsumerProguardFiles' because:
  Build cache is disabled
  Simple merging task
Skipping task ':geolocator_android:mergeDebugConsumerProguardFiles' as it is up-to-date.
Resolve mutations for :geolocator_android:prepareDebugArtProfile (Thread[#99,Execution worker Thread 7,5,main]) started.
:geolocator_android:prepareDebugArtProfile (Thread[#99,Execution worker Thread 7,5,main]) started.

> Task :geolocator_android:prepareDebugArtProfile UP-TO-DATE
Caching disabled for task ':geolocator_android:prepareDebugArtProfile' because:
  Build cache is disabled
  Caching has been disabled for the task
Skipping task ':geolocator_android:prepareDebugArtProfile' as it is up-to-date.
Resolve mutations for :geolocator_android:prepareLintJarForPublish (Thread[#99,Execution worker Thread 7,5,main]) started.
:geolocator_android:prepareLintJarForPublish (Thread[#99,Execution worker Thread 7,5,main]) started.

> Task :geolocator_android:prepareLintJarForPublish UP-TO-DATE
Caching disabled for task ':geolocator_android:prepareLintJarForPublish' because:
  Build cache is disabled
  Caching has been disabled for the task
Skipping task ':geolocator_android:prepareLintJarForPublish' as it is up-to-date.
Resolve mutations for :geolocator_android:mergeDebugJavaResource (Thread[#99,Execution worker Thread 7,5,main]) started.
:geolocator_android:mergeDebugJavaResource (Thread[#99,Execution worker Thread 7,5,main]) started.

> Task :geolocator_android:mergeDebugJavaResource UP-TO-DATE
Caching disabled for task ':geolocator_android:mergeDebugJavaResource' because:
  Build cache is disabled
  Caching has been disabled for the task
Skipping task ':geolocator_android:mergeDebugJavaResource' as it is up-to-date.
Resolve mutations for :geolocator_android:syncDebugLibJars (Thread[#99,Execution worker Thread 7,5,main]) started.
:geolocator_android:syncDebugLibJars (Thread[#99,Execution worker Thread 7,5,main]) started.

> Task :geolocator_android:syncDebugLibJars UP-TO-DATE
Caching disabled for task ':geolocator_android:syncDebugLibJars' because:
  Build cache is disabled
Skipping task ':geolocator_android:syncDebugLibJars' as it is up-to-date.
Resolve mutations for :geolocator_android:bundleDebugAar (Thread[#99,Execution worker Thread 7,5,main]) started.
:geolocator_android:bundleDebugAar (Thread[#99,Execution worker Thread 7,5,main]) started.

> Task :geolocator_android:bundleDebugAar UP-TO-DATE
Caching disabled for task ':geolocator_android:bundleDebugAar' because:
  Build cache is disabled
  Caching has been disabled for the task
Skipping task ':geolocator_android:bundleDebugAar' as it is up-to-date.
Resolve mutations for :geolocator_android:assembleDebug (Thread[#99,Execution worker Thread 7,5,main]) started.
:geolocator_android:assembleDebug (Thread[#99,Execution worker Thread 7,5,main]) started.

> Task :geolocator_android:assembleDebug UP-TO-DATE
Skipping task ':geolocator_android:assembleDebug' as it has no actions.
Resolve mutations for :image_picker_android:stripDebugDebugSymbols (Thread[#99,Execution worker Thread 7,5,main]) started.
:image_picker_android:stripDebugDebugSymbols (Thread[#99,Execution worker Thread 7,5,main]) started.

> Task :image_picker_android:stripDebugDebugSymbols NO-SOURCE
Skipping task ':image_picker_android:stripDebugDebugSymbols' as it has no source files and no previous output files.
Resolve mutations for :image_picker_android:copyDebugJniLibsProjectAndLocalJars (Thread[#99,Execution worker Thread 7,5,main]) started.
:image_picker_android:copyDebugJniLibsProjectAndLocalJars (Thread[#99,Execution worker Thread 7,5,main]) started.

> Task :image_picker_android:copyDebugJniLibsProjectAndLocalJars UP-TO-DATE
Caching disabled for task ':image_picker_android:copyDebugJniLibsProjectAndLocalJars' because:
  Build cache is disabled
  Caching has been disabled for the task
Skipping task ':image_picker_android:copyDebugJniLibsProjectAndLocalJars' as it is up-to-date.
Resolve mutations for :image_picker_android:extractDebugAnnotations (Thread[#99,Execution worker Thread 7,5,main]) started.
:image_picker_android:extractDebugAnnotations (Thread[#99,Execution worker Thread 7,5,main]) started.

> Task :image_picker_android:extractDebugAnnotations UP-TO-DATE
Caching disabled for task ':image_picker_android:extractDebugAnnotations' because:
  Build cache is disabled
Skipping task ':image_picker_android:extractDebugAnnotations' as it is up-to-date.
Resolve mutations for :image_picker_android:extractDeepLinksForAarDebug (Thread[#100,Execution worker Thread 8,5,main]) started.
:image_picker_android:extractDeepLinksForAarDebug (Thread[#100,Execution worker Thread 8,5,main]) started.

> Task :image_picker_android:extractDeepLinksForAarDebug UP-TO-DATE
Caching disabled for task ':image_picker_android:extractDeepLinksForAarDebug' because:
  Build cache is disabled
Skipping task ':image_picker_android:extractDeepLinksForAarDebug' as it is up-to-date.
Resolve mutations for :image_picker_android:mergeDebugGeneratedProguardFiles (Thread[#100,Execution worker Thread 8,5,main]) started.
:image_picker_android:mergeDebugGeneratedProguardFiles (Thread[#100,Execution worker Thread 8,5,main]) started.

> Task :image_picker_android:mergeDebugGeneratedProguardFiles UP-TO-DATE
Caching disabled for task ':image_picker_android:mergeDebugGeneratedProguardFiles' because:
  Build cache is disabled
  Simple merging task
Skipping task ':image_picker_android:mergeDebugGeneratedProguardFiles' as it is up-to-date.
Resolve mutations for :image_picker_android:mergeDebugConsumerProguardFiles (Thread[#100,Execution worker Thread 8,5,main]) started.
:image_picker_android:mergeDebugConsumerProguardFiles (Thread[#100,Execution worker Thread 8,5,main]) started.

> Task :image_picker_android:mergeDebugConsumerProguardFiles UP-TO-DATE
Caching disabled for task ':image_picker_android:mergeDebugConsumerProguardFiles' because:
  Build cache is disabled
  Simple merging task
Skipping task ':image_picker_android:mergeDebugConsumerProguardFiles' as it is up-to-date.
Resolve mutations for :image_picker_android:prepareDebugArtProfile (Thread[#100,Execution worker Thread 8,5,main]) started.
:image_picker_android:prepareDebugArtProfile (Thread[#100,Execution worker Thread 8,5,main]) started.

> Task :image_picker_android:prepareDebugArtProfile UP-TO-DATE
Caching disabled for task ':image_picker_android:prepareDebugArtProfile' because:
  Build cache is disabled
  Caching has been disabled for the task
Skipping task ':image_picker_android:prepareDebugArtProfile' as it is up-to-date.
Resolve mutations for :image_picker_android:prepareLintJarForPublish (Thread[#100,Execution worker Thread 8,5,main]) started.
:image_picker_android:prepareLintJarForPublish (Thread[#100,Execution worker Thread 8,5,main]) started.

> Task :image_picker_android:prepareLintJarForPublish UP-TO-DATE
Caching disabled for task ':image_picker_android:prepareLintJarForPublish' because:
  Build cache is disabled
  Caching has been disabled for the task
Skipping task ':image_picker_android:prepareLintJarForPublish' as it is up-to-date.
Resolve mutations for :image_picker_android:mergeDebugJavaResource (Thread[#100,Execution worker Thread 8,5,main]) started.
:image_picker_android:mergeDebugJavaResource (Thread[#100,Execution worker Thread 8,5,main]) started.

> Task :image_picker_android:mergeDebugJavaResource UP-TO-DATE
Caching disabled for task ':image_picker_android:mergeDebugJavaResource' because:
  Build cache is disabled
  Caching has been disabled for the task
Skipping task ':image_picker_android:mergeDebugJavaResource' as it is up-to-date.
Resolve mutations for :image_picker_android:syncDebugLibJars (Thread[#100,Execution worker Thread 8,5,main]) started.
:image_picker_android:syncDebugLibJars (Thread[#100,Execution worker Thread 8,5,main]) started.

> Task :image_picker_android:syncDebugLibJars UP-TO-DATE
Caching disabled for task ':image_picker_android:syncDebugLibJars' because:
  Build cache is disabled
Skipping task ':image_picker_android:syncDebugLibJars' as it is up-to-date.
Resolve mutations for :image_picker_android:bundleDebugAar (Thread[#100,Execution worker Thread 8,5,main]) started.
:image_picker_android:bundleDebugAar (Thread[#100,Execution worker Thread 8,5,main]) started.

> Task :image_picker_android:bundleDebugAar UP-TO-DATE
Caching disabled for task ':image_picker_android:bundleDebugAar' because:
  Build cache is disabled
  Caching has been disabled for the task
Skipping task ':image_picker_android:bundleDebugAar' as it is up-to-date.
Resolve mutations for :image_picker_android:assembleDebug (Thread[#100,Execution worker Thread 8,5,main]) started.
:image_picker_android:assembleDebug (Thread[#100,Execution worker Thread 8,5,main]) started.

> Task :image_picker_android:assembleDebug UP-TO-DATE
Skipping task ':image_picker_android:assembleDebug' as it has no actions.
Resolve mutations for :mobile_scanner:stripDebugDebugSymbols (Thread[#100,Execution worker Thread 8,5,main]) started.
:mobile_scanner:stripDebugDebugSymbols (Thread[#100,Execution worker Thread 8,5,main]) started.

> Task :mobile_scanner:stripDebugDebugSymbols NO-SOURCE
Skipping task ':mobile_scanner:stripDebugDebugSymbols' as it has no source files and no previous output files.
Resolve mutations for :mobile_scanner:copyDebugJniLibsProjectAndLocalJars (Thread[#100,Execution worker Thread 8,5,main]) started.
:mobile_scanner:copyDebugJniLibsProjectAndLocalJars (Thread[#100,Execution worker Thread 8,5,main]) started.

> Task :mobile_scanner:copyDebugJniLibsProjectAndLocalJars UP-TO-DATE
Caching disabled for task ':mobile_scanner:copyDebugJniLibsProjectAndLocalJars' because:
  Build cache is disabled
  Caching has been disabled for the task
Skipping task ':mobile_scanner:copyDebugJniLibsProjectAndLocalJars' as it is up-to-date.
Resolve mutations for :mobile_scanner:extractDebugAnnotations (Thread[#100,Execution worker Thread 8,5,main]) started.
:mobile_scanner:extractDebugAnnotations (Thread[#100,Execution worker Thread 8,5,main]) started.

> Task :mobile_scanner:extractDebugAnnotations UP-TO-DATE
Caching disabled for task ':mobile_scanner:extractDebugAnnotations' because:
  Build cache is disabled
Skipping task ':mobile_scanner:extractDebugAnnotations' as it is up-to-date.
Resolve mutations for :mobile_scanner:extractDeepLinksForAarDebug (Thread[#100,Execution worker Thread 8,5,main]) started.
:mobile_scanner:extractDeepLinksForAarDebug (Thread[#100,Execution worker Thread 8,5,main]) started.

> Task :mobile_scanner:extractDeepLinksForAarDebug UP-TO-DATE
Caching disabled for task ':mobile_scanner:extractDeepLinksForAarDebug' because:
  Build cache is disabled
Skipping task ':mobile_scanner:extractDeepLinksForAarDebug' as it is up-to-date.
Resolve mutations for :mobile_scanner:mergeDebugGeneratedProguardFiles (Thread[#100,Execution worker Thread 8,5,main]) started.
:mobile_scanner:mergeDebugGeneratedProguardFiles (Thread[#100,Execution worker Thread 8,5,main]) started.

> Task :mobile_scanner:mergeDebugGeneratedProguardFiles UP-TO-DATE
Caching disabled for task ':mobile_scanner:mergeDebugGeneratedProguardFiles' because:
  Build cache is disabled
  Simple merging task
Skipping task ':mobile_scanner:mergeDebugGeneratedProguardFiles' as it is up-to-date.
Resolve mutations for :mobile_scanner:mergeDebugConsumerProguardFiles (Thread[#100,Execution worker Thread 8,5,main]) started.
:mobile_scanner:mergeDebugConsumerProguardFiles (Thread[#100,Execution worker Thread 8,5,main]) started.

> Task :mobile_scanner:mergeDebugConsumerProguardFiles UP-TO-DATE
Caching disabled for task ':mobile_scanner:mergeDebugConsumerProguardFiles' because:
  Build cache is disabled
  Simple merging task
Skipping task ':mobile_scanner:mergeDebugConsumerProguardFiles' as it is up-to-date.
Resolve mutations for :mobile_scanner:prepareDebugArtProfile (Thread[#100,Execution worker Thread 8,5,main]) started.
:mobile_scanner:prepareDebugArtProfile (Thread[#100,Execution worker Thread 8,5,main]) started.

> Task :mobile_scanner:prepareDebugArtProfile UP-TO-DATE
Caching disabled for task ':mobile_scanner:prepareDebugArtProfile' because:
  Build cache is disabled
  Caching has been disabled for the task
Skipping task ':mobile_scanner:prepareDebugArtProfile' as it is up-to-date.
Resolve mutations for :mobile_scanner:prepareLintJarForPublish (Thread[#100,Execution worker Thread 8,5,main]) started.
:mobile_scanner:prepareLintJarForPublish (Thread[#100,Execution worker Thread 8,5,main]) started.

> Task :mobile_scanner:prepareLintJarForPublish UP-TO-DATE
Caching disabled for task ':mobile_scanner:prepareLintJarForPublish' because:
  Build cache is disabled
  Caching has been disabled for the task
Skipping task ':mobile_scanner:prepareLintJarForPublish' as it is up-to-date.
Resolve mutations for :mobile_scanner:mergeDebugJavaResource (Thread[#100,Execution worker Thread 8,5,main]) started.
:mobile_scanner:mergeDebugJavaResource (Thread[#100,Execution worker Thread 8,5,main]) started.

> Task :mobile_scanner:mergeDebugJavaResource UP-TO-DATE
Caching disabled for task ':mobile_scanner:mergeDebugJavaResource' because:
  Build cache is disabled
  Caching has been disabled for the task
Skipping task ':mobile_scanner:mergeDebugJavaResource' as it is up-to-date.
Resolve mutations for :mobile_scanner:syncDebugLibJars (Thread[#100,Execution worker Thread 8,5,main]) started.
:mobile_scanner:syncDebugLibJars (Thread[#100,Execution worker Thread 8,5,main]) started.

> Task :mobile_scanner:syncDebugLibJars UP-TO-DATE
Caching disabled for task ':mobile_scanner:syncDebugLibJars' because:
  Build cache is disabled
Skipping task ':mobile_scanner:syncDebugLibJars' as it is up-to-date.
Resolve mutations for :mobile_scanner:bundleDebugAar (Thread[#100,Execution worker Thread 8,5,main]) started.
:mobile_scanner:bundleDebugAar (Thread[#100,Execution worker Thread 8,5,main]) started.

> Task :mobile_scanner:bundleDebugAar UP-TO-DATE
Caching disabled for task ':mobile_scanner:bundleDebugAar' because:
  Build cache is disabled
  Caching has been disabled for the task
Skipping task ':mobile_scanner:bundleDebugAar' as it is up-to-date.
Resolve mutations for :mobile_scanner:assembleDebug (Thread[#97,Execution worker Thread 5,5,main]) started.
:mobile_scanner:assembleDebug (Thread[#97,Execution worker Thread 5,5,main]) started.

> Task :mobile_scanner:assembleDebug UP-TO-DATE
Skipping task ':mobile_scanner:assembleDebug' as it has no actions.
Resolve mutations for :onesignal_flutter:stripDebugDebugSymbols (Thread[#97,Execution worker Thread 5,5,main]) started.
:onesignal_flutter:stripDebugDebugSymbols (Thread[#97,Execution worker Thread 5,5,main]) started.

> Task :onesignal_flutter:stripDebugDebugSymbols NO-SOURCE
Skipping task ':onesignal_flutter:stripDebugDebugSymbols' as it has no source files and no previous output files.
Resolve mutations for :onesignal_flutter:copyDebugJniLibsProjectAndLocalJars (Thread[#97,Execution worker Thread 5,5,main]) started.
:onesignal_flutter:copyDebugJniLibsProjectAndLocalJars (Thread[#97,Execution worker Thread 5,5,main]) started.

> Task :onesignal_flutter:copyDebugJniLibsProjectAndLocalJars UP-TO-DATE
Caching disabled for task ':onesignal_flutter:copyDebugJniLibsProjectAndLocalJars' because:
  Build cache is disabled
  Caching has been disabled for the task
Skipping task ':onesignal_flutter:copyDebugJniLibsProjectAndLocalJars' as it is up-to-date.
Resolve mutations for :onesignal_flutter:extractDebugAnnotations (Thread[#97,Execution worker Thread 5,5,main]) started.
:onesignal_flutter:extractDebugAnnotations (Thread[#97,Execution worker Thread 5,5,main]) started.

> Task :onesignal_flutter:extractDebugAnnotations UP-TO-DATE
Caching disabled for task ':onesignal_flutter:extractDebugAnnotations' because:
  Build cache is disabled
Skipping task ':onesignal_flutter:extractDebugAnnotations' as it is up-to-date.
Resolve mutations for :onesignal_flutter:extractDeepLinksForAarDebug (Thread[#97,Execution worker Thread 5,5,main]) started.
:onesignal_flutter:extractDeepLinksForAarDebug (Thread[#97,Execution worker Thread 5,5,main]) started.

> Task :onesignal_flutter:extractDeepLinksForAarDebug UP-TO-DATE
Caching disabled for task ':onesignal_flutter:extractDeepLinksForAarDebug' because:
  Build cache is disabled
Skipping task ':onesignal_flutter:extractDeepLinksForAarDebug' as it is up-to-date.
Resolve mutations for :onesignal_flutter:mergeDebugGeneratedProguardFiles (Thread[#97,Execution worker Thread 5,5,main]) started.
:onesignal_flutter:mergeDebugGeneratedProguardFiles (Thread[#97,Execution worker Thread 5,5,main]) started.

> Task :onesignal_flutter:mergeDebugGeneratedProguardFiles UP-TO-DATE
Caching disabled for task ':onesignal_flutter:mergeDebugGeneratedProguardFiles' because:
  Build cache is disabled
  Simple merging task
Skipping task ':onesignal_flutter:mergeDebugGeneratedProguardFiles' as it is up-to-date.
Resolve mutations for :onesignal_flutter:mergeDebugConsumerProguardFiles (Thread[#97,Execution worker Thread 5,5,main]) started.
:onesignal_flutter:mergeDebugConsumerProguardFiles (Thread[#97,Execution worker Thread 5,5,main]) started.

> Task :onesignal_flutter:mergeDebugConsumerProguardFiles UP-TO-DATE
Caching disabled for task ':onesignal_flutter:mergeDebugConsumerProguardFiles' because:
  Build cache is disabled
  Simple merging task
Skipping task ':onesignal_flutter:mergeDebugConsumerProguardFiles' as it is up-to-date.
Resolve mutations for :onesignal_flutter:prepareDebugArtProfile (Thread[#97,Execution worker Thread 5,5,main]) started.
:onesignal_flutter:prepareDebugArtProfile (Thread[#97,Execution worker Thread 5,5,main]) started.

> Task :onesignal_flutter:prepareDebugArtProfile UP-TO-DATE
Caching disabled for task ':onesignal_flutter:prepareDebugArtProfile' because:
  Build cache is disabled
  Caching has been disabled for the task
Skipping task ':onesignal_flutter:prepareDebugArtProfile' as it is up-to-date.
Resolve mutations for :onesignal_flutter:prepareLintJarForPublish (Thread[#97,Execution worker Thread 5,5,main]) started.
:onesignal_flutter:prepareLintJarForPublish (Thread[#97,Execution worker Thread 5,5,main]) started.

> Task :onesignal_flutter:prepareLintJarForPublish UP-TO-DATE
Caching disabled for task ':onesignal_flutter:prepareLintJarForPublish' because:
  Build cache is disabled
  Caching has been disabled for the task
Skipping task ':onesignal_flutter:prepareLintJarForPublish' as it is up-to-date.
Resolve mutations for :onesignal_flutter:mergeDebugJavaResource (Thread[#97,Execution worker Thread 5,5,main]) started.
:onesignal_flutter:mergeDebugJavaResource (Thread[#97,Execution worker Thread 5,5,main]) started.

> Task :onesignal_flutter:mergeDebugJavaResource UP-TO-DATE
Caching disabled for task ':onesignal_flutter:mergeDebugJavaResource' because:
  Build cache is disabled
  Caching has been disabled for the task
Skipping task ':onesignal_flutter:mergeDebugJavaResource' as it is up-to-date.
Resolve mutations for :onesignal_flutter:syncDebugLibJars (Thread[#97,Execution worker Thread 5,5,main]) started.
:onesignal_flutter:syncDebugLibJars (Thread[#97,Execution worker Thread 5,5,main]) started.

> Task :onesignal_flutter:syncDebugLibJars UP-TO-DATE
Caching disabled for task ':onesignal_flutter:syncDebugLibJars' because:
  Build cache is disabled
Skipping task ':onesignal_flutter:syncDebugLibJars' as it is up-to-date.
Resolve mutations for :onesignal_flutter:bundleDebugAar (Thread[#97,Execution worker Thread 5,5,main]) started.
:onesignal_flutter:bundleDebugAar (Thread[#97,Execution worker Thread 5,5,main]) started.

> Task :onesignal_flutter:bundleDebugAar UP-TO-DATE
Caching disabled for task ':onesignal_flutter:bundleDebugAar' because:
  Build cache is disabled
  Caching has been disabled for the task
Skipping task ':onesignal_flutter:bundleDebugAar' as it is up-to-date.
Resolve mutations for :onesignal_flutter:assembleDebug (Thread[#97,Execution worker Thread 5,5,main]) started.
:onesignal_flutter:assembleDebug (Thread[#97,Execution worker Thread 5,5,main]) started.

> Task :onesignal_flutter:assembleDebug UP-TO-DATE
Skipping task ':onesignal_flutter:assembleDebug' as it has no actions.
Resolve mutations for :path_provider_android:stripDebugDebugSymbols (Thread[#97,Execution worker Thread 5,5,main]) started.
:path_provider_android:stripDebugDebugSymbols (Thread[#97,Execution worker Thread 5,5,main]) started.

> Task :path_provider_android:stripDebugDebugSymbols NO-SOURCE
Skipping task ':path_provider_android:stripDebugDebugSymbols' as it has no source files and no previous output files.
Resolve mutations for :path_provider_android:copyDebugJniLibsProjectAndLocalJars (Thread[#97,Execution worker Thread 5,5,main]) started.
:path_provider_android:copyDebugJniLibsProjectAndLocalJars (Thread[#97,Execution worker Thread 5,5,main]) started.

> Task :path_provider_android:copyDebugJniLibsProjectAndLocalJars UP-TO-DATE
Caching disabled for task ':path_provider_android:copyDebugJniLibsProjectAndLocalJars' because:
  Build cache is disabled
  Caching has been disabled for the task
Skipping task ':path_provider_android:copyDebugJniLibsProjectAndLocalJars' as it is up-to-date.
Resolve mutations for :path_provider_android:extractDebugAnnotations (Thread[#97,Execution worker Thread 5,5,main]) started.
:path_provider_android:extractDebugAnnotations (Thread[#95,Execution worker Thread 3,5,main]) started.

> Task :path_provider_android:extractDebugAnnotations UP-TO-DATE
Caching disabled for task ':path_provider_android:extractDebugAnnotations' because:
  Build cache is disabled
Skipping task ':path_provider_android:extractDebugAnnotations' as it is up-to-date.
Resolve mutations for :path_provider_android:extractDeepLinksForAarDebug (Thread[#95,Execution worker Thread 3,5,main]) started.
:path_provider_android:extractDeepLinksForAarDebug (Thread[#95,Execution worker Thread 3,5,main]) started.

> Task :path_provider_android:extractDeepLinksForAarDebug UP-TO-DATE
Caching disabled for task ':path_provider_android:extractDeepLinksForAarDebug' because:
  Build cache is disabled
Skipping task ':path_provider_android:extractDeepLinksForAarDebug' as it is up-to-date.
Resolve mutations for :path_provider_android:mergeDebugGeneratedProguardFiles (Thread[#95,Execution worker Thread 3,5,main]) started.
:path_provider_android:mergeDebugGeneratedProguardFiles (Thread[#95,Execution worker Thread 3,5,main]) started.

> Task :path_provider_android:mergeDebugGeneratedProguardFiles UP-TO-DATE
Caching disabled for task ':path_provider_android:mergeDebugGeneratedProguardFiles' because:
  Build cache is disabled
  Simple merging task
Skipping task ':path_provider_android:mergeDebugGeneratedProguardFiles' as it is up-to-date.
Resolve mutations for :path_provider_android:mergeDebugConsumerProguardFiles (Thread[#95,Execution worker Thread 3,5,main]) started.
:path_provider_android:mergeDebugConsumerProguardFiles (Thread[#95,Execution worker Thread 3,5,main]) started.

> Task :path_provider_android:mergeDebugConsumerProguardFiles UP-TO-DATE
Caching disabled for task ':path_provider_android:mergeDebugConsumerProguardFiles' because:
  Build cache is disabled
  Simple merging task
Skipping task ':path_provider_android:mergeDebugConsumerProguardFiles' as it is up-to-date.
Resolve mutations for :path_provider_android:prepareDebugArtProfile (Thread[#95,Execution worker Thread 3,5,main]) started.
:path_provider_android:prepareDebugArtProfile (Thread[#95,Execution worker Thread 3,5,main]) started.

> Task :path_provider_android:prepareDebugArtProfile UP-TO-DATE
Caching disabled for task ':path_provider_android:prepareDebugArtProfile' because:
  Build cache is disabled
  Caching has been disabled for the task
Skipping task ':path_provider_android:prepareDebugArtProfile' as it is up-to-date.
Resolve mutations for :path_provider_android:prepareLintJarForPublish (Thread[#95,Execution worker Thread 3,5,main]) started.
:path_provider_android:prepareLintJarForPublish (Thread[#95,Execution worker Thread 3,5,main]) started.

> Task :path_provider_android:prepareLintJarForPublish UP-TO-DATE
Caching disabled for task ':path_provider_android:prepareLintJarForPublish' because:
  Build cache is disabled
  Caching has been disabled for the task
Skipping task ':path_provider_android:prepareLintJarForPublish' as it is up-to-date.
Resolve mutations for :path_provider_android:mergeDebugJavaResource (Thread[#95,Execution worker Thread 3,5,main]) started.
:path_provider_android:mergeDebugJavaResource (Thread[#95,Execution worker Thread 3,5,main]) started.

> Task :path_provider_android:mergeDebugJavaResource UP-TO-DATE
Caching disabled for task ':path_provider_android:mergeDebugJavaResource' because:
  Build cache is disabled
  Caching has been disabled for the task
Skipping task ':path_provider_android:mergeDebugJavaResource' as it is up-to-date.
Resolve mutations for :path_provider_android:syncDebugLibJars (Thread[#95,Execution worker Thread 3,5,main]) started.
:path_provider_android:syncDebugLibJars (Thread[#95,Execution worker Thread 3,5,main]) started.

> Task :path_provider_android:syncDebugLibJars UP-TO-DATE
Caching disabled for task ':path_provider_android:syncDebugLibJars' because:
  Build cache is disabled
Skipping task ':path_provider_android:syncDebugLibJars' as it is up-to-date.
Resolve mutations for :path_provider_android:bundleDebugAar (Thread[#95,Execution worker Thread 3,5,main]) started.
:path_provider_android:bundleDebugAar (Thread[#95,Execution worker Thread 3,5,main]) started.

> Task :path_provider_android:bundleDebugAar UP-TO-DATE
Caching disabled for task ':path_provider_android:bundleDebugAar' because:
  Build cache is disabled
  Caching has been disabled for the task
Skipping task ':path_provider_android:bundleDebugAar' as it is up-to-date.
Resolve mutations for :path_provider_android:assembleDebug (Thread[#95,Execution worker Thread 3,5,main]) started.
:path_provider_android:assembleDebug (Thread[#95,Execution worker Thread 3,5,main]) started.

> Task :path_provider_android:assembleDebug UP-TO-DATE
Skipping task ':path_provider_android:assembleDebug' as it has no actions.
Resolve mutations for :permission_handler_android:stripDebugDebugSymbols (Thread[#95,Execution worker Thread 3,5,main]) started.
:permission_handler_android:stripDebugDebugSymbols (Thread[#95,Execution worker Thread 3,5,main]) started.

> Task :permission_handler_android:stripDebugDebugSymbols NO-SOURCE
Skipping task ':permission_handler_android:stripDebugDebugSymbols' as it has no source files and no previous output files.
Resolve mutations for :permission_handler_android:copyDebugJniLibsProjectAndLocalJars (Thread[#95,Execution worker Thread 3,5,main]) started.
:permission_handler_android:copyDebugJniLibsProjectAndLocalJars (Thread[#95,Execution worker Thread 3,5,main]) started.

> Task :permission_handler_android:copyDebugJniLibsProjectAndLocalJars UP-TO-DATE
Caching disabled for task ':permission_handler_android:copyDebugJniLibsProjectAndLocalJars' because:
  Build cache is disabled
  Caching has been disabled for the task
Skipping task ':permission_handler_android:copyDebugJniLibsProjectAndLocalJars' as it is up-to-date.
Resolve mutations for :permission_handler_android:extractDebugAnnotations (Thread[#95,Execution worker Thread 3,5,main]) started.
:permission_handler_android:extractDebugAnnotations (Thread[#95,Execution worker Thread 3,5,main]) started.

> Task :permission_handler_android:extractDebugAnnotations UP-TO-DATE
Caching disabled for task ':permission_handler_android:extractDebugAnnotations' because:
  Build cache is disabled
Skipping task ':permission_handler_android:extractDebugAnnotations' as it is up-to-date.
Resolve mutations for :permission_handler_android:extractDeepLinksForAarDebug (Thread[#95,Execution worker Thread 3,5,main]) started.
:permission_handler_android:extractDeepLinksForAarDebug (Thread[#95,Execution worker Thread 3,5,main]) started.

> Task :permission_handler_android:extractDeepLinksForAarDebug UP-TO-DATE
Caching disabled for task ':permission_handler_android:extractDeepLinksForAarDebug' because:
  Build cache is disabled
Skipping task ':permission_handler_android:extractDeepLinksForAarDebug' as it is up-to-date.
Resolve mutations for :permission_handler_android:mergeDebugGeneratedProguardFiles (Thread[#97,Execution worker Thread 5,5,main]) started.
:permission_handler_android:mergeDebugGeneratedProguardFiles (Thread[#97,Execution worker Thread 5,5,main]) started.

> Task :permission_handler_android:mergeDebugGeneratedProguardFiles UP-TO-DATE
Caching disabled for task ':permission_handler_android:mergeDebugGeneratedProguardFiles' because:
  Build cache is disabled
  Simple merging task
Skipping task ':permission_handler_android:mergeDebugGeneratedProguardFiles' as it is up-to-date.
Resolve mutations for :permission_handler_android:mergeDebugConsumerProguardFiles (Thread[#97,Execution worker Thread 5,5,main]) started.
:permission_handler_android:mergeDebugConsumerProguardFiles (Thread[#97,Execution worker Thread 5,5,main]) started.

> Task :permission_handler_android:mergeDebugConsumerProguardFiles UP-TO-DATE
Caching disabled for task ':permission_handler_android:mergeDebugConsumerProguardFiles' because:
  Build cache is disabled
  Simple merging task
Skipping task ':permission_handler_android:mergeDebugConsumerProguardFiles' as it is up-to-date.
Resolve mutations for :permission_handler_android:prepareDebugArtProfile (Thread[#97,Execution worker Thread 5,5,main]) started.
:permission_handler_android:prepareDebugArtProfile (Thread[#97,Execution worker Thread 5,5,main]) started.

> Task :permission_handler_android:prepareDebugArtProfile UP-TO-DATE
Caching disabled for task ':permission_handler_android:prepareDebugArtProfile' because:
  Build cache is disabled
  Caching has been disabled for the task
Skipping task ':permission_handler_android:prepareDebugArtProfile' as it is up-to-date.
Resolve mutations for :permission_handler_android:prepareLintJarForPublish (Thread[#97,Execution worker Thread 5,5,main]) started.
:permission_handler_android:prepareLintJarForPublish (Thread[#97,Execution worker Thread 5,5,main]) started.

> Task :permission_handler_android:prepareLintJarForPublish UP-TO-DATE
Caching disabled for task ':permission_handler_android:prepareLintJarForPublish' because:
  Build cache is disabled
  Caching has been disabled for the task
Skipping task ':permission_handler_android:prepareLintJarForPublish' as it is up-to-date.
Resolve mutations for :permission_handler_android:mergeDebugJavaResource (Thread[#95,Execution worker Thread 3,5,main]) started.
:permission_handler_android:mergeDebugJavaResource (Thread[#95,Execution worker Thread 3,5,main]) started.

> Task :permission_handler_android:mergeDebugJavaResource UP-TO-DATE
Caching disabled for task ':permission_handler_android:mergeDebugJavaResource' because:
  Build cache is disabled
  Caching has been disabled for the task
Skipping task ':permission_handler_android:mergeDebugJavaResource' as it is up-to-date.
Resolve mutations for :permission_handler_android:syncDebugLibJars (Thread[#95,Execution worker Thread 3,5,main]) started.
:permission_handler_android:syncDebugLibJars (Thread[#95,Execution worker Thread 3,5,main]) started.

> Task :permission_handler_android:syncDebugLibJars UP-TO-DATE
Caching disabled for task ':permission_handler_android:syncDebugLibJars' because:
  Build cache is disabled
Skipping task ':permission_handler_android:syncDebugLibJars' as it is up-to-date.
Resolve mutations for :permission_handler_android:bundleDebugAar (Thread[#95,Execution worker Thread 3,5,main]) started.
:permission_handler_android:bundleDebugAar (Thread[#95,Execution worker Thread 3,5,main]) started.

> Task :permission_handler_android:bundleDebugAar UP-TO-DATE
Caching disabled for task ':permission_handler_android:bundleDebugAar' because:
  Build cache is disabled
  Caching has been disabled for the task
Skipping task ':permission_handler_android:bundleDebugAar' as it is up-to-date.
Resolve mutations for :permission_handler_android:assembleDebug (Thread[#95,Execution worker Thread 3,5,main]) started.
:permission_handler_android:assembleDebug (Thread[#95,Execution worker Thread 3,5,main]) started.

> Task :permission_handler_android:assembleDebug UP-TO-DATE
Skipping task ':permission_handler_android:assembleDebug' as it has no actions.
Resolve mutations for :shared_preferences_android:stripDebugDebugSymbols (Thread[#95,Execution worker Thread 3,5,main]) started.
:shared_preferences_android:stripDebugDebugSymbols (Thread[#95,Execution worker Thread 3,5,main]) started.

> Task :shared_preferences_android:stripDebugDebugSymbols NO-SOURCE
Skipping task ':shared_preferences_android:stripDebugDebugSymbols' as it has no source files and no previous output files.
Resolve mutations for :shared_preferences_android:copyDebugJniLibsProjectAndLocalJars (Thread[#95,Execution worker Thread 3,5,main]) started.
:shared_preferences_android:copyDebugJniLibsProjectAndLocalJars (Thread[#95,Execution worker Thread 3,5,main]) started.

> Task :shared_preferences_android:copyDebugJniLibsProjectAndLocalJars UP-TO-DATE
Caching disabled for task ':shared_preferences_android:copyDebugJniLibsProjectAndLocalJars' because:
  Build cache is disabled
  Caching has been disabled for the task
Skipping task ':shared_preferences_android:copyDebugJniLibsProjectAndLocalJars' as it is up-to-date.
Resolve mutations for :shared_preferences_android:extractDebugAnnotations (Thread[#95,Execution worker Thread 3,5,main]) started.
:shared_preferences_android:extractDebugAnnotations (Thread[#95,Execution worker Thread 3,5,main]) started.

> Task :shared_preferences_android:extractDebugAnnotations UP-TO-DATE
Caching disabled for task ':shared_preferences_android:extractDebugAnnotations' because:
  Build cache is disabled
Skipping task ':shared_preferences_android:extractDebugAnnotations' as it is up-to-date.
Resolve mutations for :shared_preferences_android:extractDeepLinksForAarDebug (Thread[#95,Execution worker Thread 3,5,main]) started.
:shared_preferences_android:extractDeepLinksForAarDebug (Thread[#95,Execution worker Thread 3,5,main]) started.

> Task :shared_preferences_android:extractDeepLinksForAarDebug UP-TO-DATE
Caching disabled for task ':shared_preferences_android:extractDeepLinksForAarDebug' because:
  Build cache is disabled
Skipping task ':shared_preferences_android:extractDeepLinksForAarDebug' as it is up-to-date.
Resolve mutations for :shared_preferences_android:mergeDebugGeneratedProguardFiles (Thread[#95,Execution worker Thread 3,5,main]) started.
:shared_preferences_android:mergeDebugGeneratedProguardFiles (Thread[#95,Execution worker Thread 3,5,main]) started.

> Task :shared_preferences_android:mergeDebugGeneratedProguardFiles UP-TO-DATE
Caching disabled for task ':shared_preferences_android:mergeDebugGeneratedProguardFiles' because:
  Build cache is disabled
  Simple merging task
Skipping task ':shared_preferences_android:mergeDebugGeneratedProguardFiles' as it is up-to-date.
Resolve mutations for :shared_preferences_android:mergeDebugConsumerProguardFiles (Thread[#95,Execution worker Thread 3,5,main]) started.
:shared_preferences_android:mergeDebugConsumerProguardFiles (Thread[#95,Execution worker Thread 3,5,main]) started.

> Task :shared_preferences_android:mergeDebugConsumerProguardFiles UP-TO-DATE
Caching disabled for task ':shared_preferences_android:mergeDebugConsumerProguardFiles' because:
  Build cache is disabled
  Simple merging task
Skipping task ':shared_preferences_android:mergeDebugConsumerProguardFiles' as it is up-to-date.
Resolve mutations for :shared_preferences_android:prepareDebugArtProfile (Thread[#95,Execution worker Thread 3,5,main]) started.
:shared_preferences_android:prepareDebugArtProfile (Thread[#95,Execution worker Thread 3,5,main]) started.

> Task :shared_preferences_android:prepareDebugArtProfile UP-TO-DATE
Caching disabled for task ':shared_preferences_android:prepareDebugArtProfile' because:
  Build cache is disabled
  Caching has been disabled for the task
Skipping task ':shared_preferences_android:prepareDebugArtProfile' as it is up-to-date.
Resolve mutations for :shared_preferences_android:prepareLintJarForPublish (Thread[#95,Execution worker Thread 3,5,main]) started.
:shared_preferences_android:prepareLintJarForPublish (Thread[#100,Execution worker Thread 8,5,main]) started.

> Task :shared_preferences_android:prepareLintJarForPublish UP-TO-DATE
Caching disabled for task ':shared_preferences_android:prepareLintJarForPublish' because:
  Build cache is disabled
  Caching has been disabled for the task
Skipping task ':shared_preferences_android:prepareLintJarForPublish' as it is up-to-date.
Resolve mutations for :shared_preferences_android:mergeDebugJavaResource (Thread[#100,Execution worker Thread 8,5,main]) started.
:shared_preferences_android:mergeDebugJavaResource (Thread[#100,Execution worker Thread 8,5,main]) started.

> Task :shared_preferences_android:mergeDebugJavaResource UP-TO-DATE
Caching disabled for task ':shared_preferences_android:mergeDebugJavaResource' because:
  Build cache is disabled
  Caching has been disabled for the task
Skipping task ':shared_preferences_android:mergeDebugJavaResource' as it is up-to-date.
Resolve mutations for :shared_preferences_android:syncDebugLibJars (Thread[#100,Execution worker Thread 8,5,main]) started.
:shared_preferences_android:syncDebugLibJars (Thread[#100,Execution worker Thread 8,5,main]) started.

> Task :shared_preferences_android:syncDebugLibJars UP-TO-DATE
Caching disabled for task ':shared_preferences_android:syncDebugLibJars' because:
  Build cache is disabled
Skipping task ':shared_preferences_android:syncDebugLibJars' as it is up-to-date.
Resolve mutations for :shared_preferences_android:bundleDebugAar (Thread[#100,Execution worker Thread 8,5,main]) started.
:shared_preferences_android:bundleDebugAar (Thread[#100,Execution worker Thread 8,5,main]) started.

> Task :shared_preferences_android:bundleDebugAar UP-TO-DATE
Caching disabled for task ':shared_preferences_android:bundleDebugAar' because:
  Build cache is disabled
  Caching has been disabled for the task
Skipping task ':shared_preferences_android:bundleDebugAar' as it is up-to-date.
Resolve mutations for :shared_preferences_android:assembleDebug (Thread[#100,Execution worker Thread 8,5,main]) started.
:shared_preferences_android:assembleDebug (Thread[#100,Execution worker Thread 8,5,main]) started.

> Task :shared_preferences_android:assembleDebug UP-TO-DATE
Skipping task ':shared_preferences_android:assembleDebug' as it has no actions.
Resolve mutations for :sqflite_android:stripDebugDebugSymbols (Thread[#100,Execution worker Thread 8,5,main]) started.
:sqflite_android:stripDebugDebugSymbols (Thread[#100,Execution worker Thread 8,5,main]) started.

> Task :sqflite_android:stripDebugDebugSymbols NO-SOURCE
Skipping task ':sqflite_android:stripDebugDebugSymbols' as it has no source files and no previous output files.
Resolve mutations for :sqflite_android:copyDebugJniLibsProjectAndLocalJars (Thread[#100,Execution worker Thread 8,5,main]) started.
:sqflite_android:copyDebugJniLibsProjectAndLocalJars (Thread[#100,Execution worker Thread 8,5,main]) started.

> Task :sqflite_android:copyDebugJniLibsProjectAndLocalJars UP-TO-DATE
Caching disabled for task ':sqflite_android:copyDebugJniLibsProjectAndLocalJars' because:
  Build cache is disabled
  Caching has been disabled for the task
Skipping task ':sqflite_android:copyDebugJniLibsProjectAndLocalJars' as it is up-to-date.
Resolve mutations for :sqflite_android:extractDebugAnnotations (Thread[#100,Execution worker Thread 8,5,main]) started.
:sqflite_android:extractDebugAnnotations (Thread[#100,Execution worker Thread 8,5,main]) started.

> Task :sqflite_android:extractDebugAnnotations UP-TO-DATE
Caching disabled for task ':sqflite_android:extractDebugAnnotations' because:
  Build cache is disabled
Skipping task ':sqflite_android:extractDebugAnnotations' as it is up-to-date.
Resolve mutations for :sqflite_android:extractDeepLinksForAarDebug (Thread[#100,Execution worker Thread 8,5,main]) started.
:sqflite_android:extractDeepLinksForAarDebug (Thread[#100,Execution worker Thread 8,5,main]) started.

> Task :sqflite_android:extractDeepLinksForAarDebug UP-TO-DATE
Caching disabled for task ':sqflite_android:extractDeepLinksForAarDebug' because:
  Build cache is disabled
Skipping task ':sqflite_android:extractDeepLinksForAarDebug' as it is up-to-date.
Resolve mutations for :sqflite_android:mergeDebugGeneratedProguardFiles (Thread[#100,Execution worker Thread 8,5,main]) started.
:sqflite_android:mergeDebugGeneratedProguardFiles (Thread[#100,Execution worker Thread 8,5,main]) started.

> Task :sqflite_android:mergeDebugGeneratedProguardFiles UP-TO-DATE
Caching disabled for task ':sqflite_android:mergeDebugGeneratedProguardFiles' because:
  Build cache is disabled
  Simple merging task
Skipping task ':sqflite_android:mergeDebugGeneratedProguardFiles' as it is up-to-date.
Resolve mutations for :sqflite_android:mergeDebugConsumerProguardFiles (Thread[#100,Execution worker Thread 8,5,main]) started.
:sqflite_android:mergeDebugConsumerProguardFiles (Thread[#100,Execution worker Thread 8,5,main]) started.

> Task :sqflite_android:mergeDebugConsumerProguardFiles UP-TO-DATE
Caching disabled for task ':sqflite_android:mergeDebugConsumerProguardFiles' because:
  Build cache is disabled
  Simple merging task
Skipping task ':sqflite_android:mergeDebugConsumerProguardFiles' as it is up-to-date.
Resolve mutations for :sqflite_android:prepareDebugArtProfile (Thread[#100,Execution worker Thread 8,5,main]) started.
:sqflite_android:prepareDebugArtProfile (Thread[#100,Execution worker Thread 8,5,main]) started.

> Task :sqflite_android:prepareDebugArtProfile UP-TO-DATE
Caching disabled for task ':sqflite_android:prepareDebugArtProfile' because:
  Build cache is disabled
  Caching has been disabled for the task
Skipping task ':sqflite_android:prepareDebugArtProfile' as it is up-to-date.
Resolve mutations for :sqflite_android:prepareLintJarForPublish (Thread[#100,Execution worker Thread 8,5,main]) started.
:sqflite_android:prepareLintJarForPublish (Thread[#100,Execution worker Thread 8,5,main]) started.

> Task :sqflite_android:prepareLintJarForPublish UP-TO-DATE
Caching disabled for task ':sqflite_android:prepareLintJarForPublish' because:
  Build cache is disabled
  Caching has been disabled for the task
Skipping task ':sqflite_android:prepareLintJarForPublish' as it is up-to-date.
Resolve mutations for :sqflite_android:mergeDebugJavaResource (Thread[#100,Execution worker Thread 8,5,main]) started.
:sqflite_android:mergeDebugJavaResource (Thread[#100,Execution worker Thread 8,5,main]) started.

> Task :sqflite_android:mergeDebugJavaResource UP-TO-DATE
Caching disabled for task ':sqflite_android:mergeDebugJavaResource' because:
  Build cache is disabled
  Caching has been disabled for the task
Skipping task ':sqflite_android:mergeDebugJavaResource' as it is up-to-date.
Resolve mutations for :sqflite_android:syncDebugLibJars (Thread[#100,Execution worker Thread 8,5,main]) started.
:sqflite_android:syncDebugLibJars (Thread[#100,Execution worker Thread 8,5,main]) started.

> Task :sqflite_android:syncDebugLibJars UP-TO-DATE
Caching disabled for task ':sqflite_android:syncDebugLibJars' because:
  Build cache is disabled
Skipping task ':sqflite_android:syncDebugLibJars' as it is up-to-date.
Resolve mutations for :sqflite_android:bundleDebugAar (Thread[#100,Execution worker Thread 8,5,main]) started.
:sqflite_android:bundleDebugAar (Thread[#100,Execution worker Thread 8,5,main]) started.

> Task :sqflite_android:bundleDebugAar UP-TO-DATE
Caching disabled for task ':sqflite_android:bundleDebugAar' because:
  Build cache is disabled
  Caching has been disabled for the task
Skipping task ':sqflite_android:bundleDebugAar' as it is up-to-date.
Resolve mutations for :sqflite_android:assembleDebug (Thread[#100,Execution worker Thread 8,5,main]) started.
:sqflite_android:assembleDebug (Thread[#100,Execution worker Thread 8,5,main]) started.

> Task :sqflite_android:assembleDebug UP-TO-DATE
Skipping task ':sqflite_android:assembleDebug' as it has no actions.
Resolve mutations for :url_launcher_android:stripDebugDebugSymbols (Thread[#100,Execution worker Thread 8,5,main]) started.
:url_launcher_android:stripDebugDebugSymbols (Thread[#100,Execution worker Thread 8,5,main]) started.

> Task :url_launcher_android:stripDebugDebugSymbols NO-SOURCE
Skipping task ':url_launcher_android:stripDebugDebugSymbols' as it has no source files and no previous output files.
Resolve mutations for :url_launcher_android:copyDebugJniLibsProjectAndLocalJars (Thread[#100,Execution worker Thread 8,5,main]) started.
:url_launcher_android:copyDebugJniLibsProjectAndLocalJars (Thread[#100,Execution worker Thread 8,5,main]) started.

> Task :url_launcher_android:copyDebugJniLibsProjectAndLocalJars UP-TO-DATE
Caching disabled for task ':url_launcher_android:copyDebugJniLibsProjectAndLocalJars' because:
  Build cache is disabled
  Caching has been disabled for the task
Skipping task ':url_launcher_android:copyDebugJniLibsProjectAndLocalJars' as it is up-to-date.
Resolve mutations for :url_launcher_android:extractDebugAnnotations (Thread[#100,Execution worker Thread 8,5,main]) started.
:url_launcher_android:extractDebugAnnotations (Thread[#100,Execution worker Thread 8,5,main]) started.

> Task :url_launcher_android:extractDebugAnnotations UP-TO-DATE
Caching disabled for task ':url_launcher_android:extractDebugAnnotations' because:
  Build cache is disabled
Skipping task ':url_launcher_android:extractDebugAnnotations' as it is up-to-date.
Resolve mutations for :url_launcher_android:extractDeepLinksForAarDebug (Thread[#100,Execution worker Thread 8,5,main]) started.
:url_launcher_android:extractDeepLinksForAarDebug (Thread[#100,Execution worker Thread 8,5,main]) started.

> Task :url_launcher_android:extractDeepLinksForAarDebug UP-TO-DATE
Caching disabled for task ':url_launcher_android:extractDeepLinksForAarDebug' because:
  Build cache is disabled
Skipping task ':url_launcher_android:extractDeepLinksForAarDebug' as it is up-to-date.
Resolve mutations for :url_launcher_android:mergeDebugGeneratedProguardFiles (Thread[#100,Execution worker Thread 8,5,main]) started.
:url_launcher_android:mergeDebugGeneratedProguardFiles (Thread[#93,Execution worker,5,main]) started.

> Task :url_launcher_android:mergeDebugGeneratedProguardFiles UP-TO-DATE
Caching disabled for task ':url_launcher_android:mergeDebugGeneratedProguardFiles' because:
  Build cache is disabled
  Simple merging task
Skipping task ':url_launcher_android:mergeDebugGeneratedProguardFiles' as it is up-to-date.
Resolve mutations for :url_launcher_android:mergeDebugConsumerProguardFiles (Thread[#93,Execution worker,5,main]) started.
:url_launcher_android:mergeDebugConsumerProguardFiles (Thread[#95,Execution worker Thread 3,5,main]) started.

> Task :url_launcher_android:mergeDebugConsumerProguardFiles UP-TO-DATE
Caching disabled for task ':url_launcher_android:mergeDebugConsumerProguardFiles' because:
  Build cache is disabled
  Simple merging task
Skipping task ':url_launcher_android:mergeDebugConsumerProguardFiles' as it is up-to-date.
Resolve mutations for :url_launcher_android:prepareDebugArtProfile (Thread[#95,Execution worker Thread 3,5,main]) started.
:url_launcher_android:prepareDebugArtProfile (Thread[#95,Execution worker Thread 3,5,main]) started.

> Task :url_launcher_android:prepareDebugArtProfile UP-TO-DATE
Caching disabled for task ':url_launcher_android:prepareDebugArtProfile' because:
  Build cache is disabled
  Caching has been disabled for the task
Skipping task ':url_launcher_android:prepareDebugArtProfile' as it is up-to-date.
Resolve mutations for :url_launcher_android:prepareLintJarForPublish (Thread[#95,Execution worker Thread 3,5,main]) started.
:url_launcher_android:prepareLintJarForPublish (Thread[#95,Execution worker Thread 3,5,main]) started.

> Task :url_launcher_android:prepareLintJarForPublish UP-TO-DATE
Caching disabled for task ':url_launcher_android:prepareLintJarForPublish' because:
  Build cache is disabled
  Caching has been disabled for the task
Skipping task ':url_launcher_android:prepareLintJarForPublish' as it is up-to-date.
Resolve mutations for :url_launcher_android:mergeDebugJavaResource (Thread[#95,Execution worker Thread 3,5,main]) started.
:url_launcher_android:mergeDebugJavaResource (Thread[#95,Execution worker Thread 3,5,main]) started.

> Task :url_launcher_android:mergeDebugJavaResource UP-TO-DATE
Caching disabled for task ':url_launcher_android:mergeDebugJavaResource' because:
  Build cache is disabled
  Caching has been disabled for the task
Skipping task ':url_launcher_android:mergeDebugJavaResource' as it is up-to-date.
Resolve mutations for :url_launcher_android:syncDebugLibJars (Thread[#95,Execution worker Thread 3,5,main]) started.
:url_launcher_android:syncDebugLibJars (Thread[#95,Execution worker Thread 3,5,main]) started.

> Task :url_launcher_android:syncDebugLibJars UP-TO-DATE
Caching disabled for task ':url_launcher_android:syncDebugLibJars' because:
  Build cache is disabled
Skipping task ':url_launcher_android:syncDebugLibJars' as it is up-to-date.
Resolve mutations for :url_launcher_android:bundleDebugAar (Thread[#95,Execution worker Thread 3,5,main]) started.
:url_launcher_android:bundleDebugAar (Thread[#95,Execution worker Thread 3,5,main]) started.

> Task :url_launcher_android:bundleDebugAar UP-TO-DATE
Caching disabled for task ':url_launcher_android:bundleDebugAar' because:
  Build cache is disabled
  Caching has been disabled for the task
Skipping task ':url_launcher_android:bundleDebugAar' as it is up-to-date.
Resolve mutations for :url_launcher_android:assembleDebug (Thread[#95,Execution worker Thread 3,5,main]) started.
:url_launcher_android:assembleDebug (Thread[#95,Execution worker Thread 3,5,main]) started.

> Task :url_launcher_android:assembleDebug UP-TO-DATE
Skipping task ':url_launcher_android:assembleDebug' as it has no actions.
Resolve mutations for :webview_flutter_android:stripDebugDebugSymbols (Thread[#95,Execution worker Thread 3,5,main]) started.
:webview_flutter_android:stripDebugDebugSymbols (Thread[#95,Execution worker Thread 3,5,main]) started.

> Task :webview_flutter_android:stripDebugDebugSymbols NO-SOURCE
Skipping task ':webview_flutter_android:stripDebugDebugSymbols' as it has no source files and no previous output files.
Resolve mutations for :webview_flutter_android:copyDebugJniLibsProjectAndLocalJars (Thread[#95,Execution worker Thread 3,5,main]) started.
:webview_flutter_android:copyDebugJniLibsProjectAndLocalJars (Thread[#95,Execution worker Thread 3,5,main]) started.

> Task :webview_flutter_android:copyDebugJniLibsProjectAndLocalJars UP-TO-DATE
Caching disabled for task ':webview_flutter_android:copyDebugJniLibsProjectAndLocalJars' because:
  Build cache is disabled
  Caching has been disabled for the task
Skipping task ':webview_flutter_android:copyDebugJniLibsProjectAndLocalJars' as it is up-to-date.
Resolve mutations for :webview_flutter_android:extractDebugAnnotations (Thread[#95,Execution worker Thread 3,5,main]) started.
:webview_flutter_android:extractDebugAnnotations (Thread[#95,Execution worker Thread 3,5,main]) started.

> Task :webview_flutter_android:extractDebugAnnotations UP-TO-DATE
Caching disabled for task ':webview_flutter_android:extractDebugAnnotations' because:
  Build cache is disabled
Skipping task ':webview_flutter_android:extractDebugAnnotations' as it is up-to-date.
Resolve mutations for :webview_flutter_android:extractDeepLinksForAarDebug (Thread[#95,Execution worker Thread 3,5,main]) started.
:webview_flutter_android:extractDeepLinksForAarDebug (Thread[#95,Execution worker Thread 3,5,main]) started.

> Task :webview_flutter_android:extractDeepLinksForAarDebug UP-TO-DATE
Caching disabled for task ':webview_flutter_android:extractDeepLinksForAarDebug' because:
  Build cache is disabled
Skipping task ':webview_flutter_android:extractDeepLinksForAarDebug' as it is up-to-date.
Resolve mutations for :webview_flutter_android:mergeDebugGeneratedProguardFiles (Thread[#95,Execution worker Thread 3,5,main]) started.
:webview_flutter_android:mergeDebugGeneratedProguardFiles (Thread[#95,Execution worker Thread 3,5,main]) started.

> Task :webview_flutter_android:mergeDebugGeneratedProguardFiles UP-TO-DATE
Caching disabled for task ':webview_flutter_android:mergeDebugGeneratedProguardFiles' because:
  Build cache is disabled
  Simple merging task
Skipping task ':webview_flutter_android:mergeDebugGeneratedProguardFiles' as it is up-to-date.
Resolve mutations for :webview_flutter_android:mergeDebugConsumerProguardFiles (Thread[#95,Execution worker Thread 3,5,main]) started.
:webview_flutter_android:mergeDebugConsumerProguardFiles (Thread[#95,Execution worker Thread 3,5,main]) started.

> Task :webview_flutter_android:mergeDebugConsumerProguardFiles UP-TO-DATE
Caching disabled for task ':webview_flutter_android:mergeDebugConsumerProguardFiles' because:
  Build cache is disabled
  Simple merging task
Skipping task ':webview_flutter_android:mergeDebugConsumerProguardFiles' as it is up-to-date.
Resolve mutations for :webview_flutter_android:prepareDebugArtProfile (Thread[#98,Execution worker Thread 6,5,main]) started.
:webview_flutter_android:prepareDebugArtProfile (Thread[#98,Execution worker Thread 6,5,main]) started.

> Task :webview_flutter_android:prepareDebugArtProfile UP-TO-DATE
Caching disabled for task ':webview_flutter_android:prepareDebugArtProfile' because:
  Build cache is disabled
  Caching has been disabled for the task
Skipping task ':webview_flutter_android:prepareDebugArtProfile' as it is up-to-date.
Resolve mutations for :webview_flutter_android:prepareLintJarForPublish (Thread[#98,Execution worker Thread 6,5,main]) started.
:webview_flutter_android:prepareLintJarForPublish (Thread[#98,Execution worker Thread 6,5,main]) started.

> Task :webview_flutter_android:prepareLintJarForPublish UP-TO-DATE
Caching disabled for task ':webview_flutter_android:prepareLintJarForPublish' because:
  Build cache is disabled
  Caching has been disabled for the task
Skipping task ':webview_flutter_android:prepareLintJarForPublish' as it is up-to-date.
Resolve mutations for :webview_flutter_android:mergeDebugJavaResource (Thread[#98,Execution worker Thread 6,5,main]) started.
:webview_flutter_android:mergeDebugJavaResource (Thread[#98,Execution worker Thread 6,5,main]) started.

> Task :webview_flutter_android:mergeDebugJavaResource UP-TO-DATE
Caching disabled for task ':webview_flutter_android:mergeDebugJavaResource' because:
  Build cache is disabled
  Caching has been disabled for the task
Skipping task ':webview_flutter_android:mergeDebugJavaResource' as it is up-to-date.
Resolve mutations for :webview_flutter_android:syncDebugLibJars (Thread[#98,Execution worker Thread 6,5,main]) started.
:webview_flutter_android:syncDebugLibJars (Thread[#98,Execution worker Thread 6,5,main]) started.

> Task :webview_flutter_android:syncDebugLibJars UP-TO-DATE
Caching disabled for task ':webview_flutter_android:syncDebugLibJars' because:
  Build cache is disabled
Skipping task ':webview_flutter_android:syncDebugLibJars' as it is up-to-date.
Resolve mutations for :webview_flutter_android:bundleDebugAar (Thread[#98,Execution worker Thread 6,5,main]) started.
:webview_flutter_android:bundleDebugAar (Thread[#103,Execution worker Thread 11,5,main]) started.

> Task :webview_flutter_android:bundleDebugAar UP-TO-DATE
Caching disabled for task ':webview_flutter_android:bundleDebugAar' because:
  Build cache is disabled
  Caching has been disabled for the task
Skipping task ':webview_flutter_android:bundleDebugAar' as it is up-to-date.
Resolve mutations for :webview_flutter_android:assembleDebug (Thread[#103,Execution worker Thread 11,5,main]) started.
:webview_flutter_android:assembleDebug (Thread[#103,Execution worker Thread 11,5,main]) started.

> Task :webview_flutter_android:assembleDebug UP-TO-DATE
Skipping task ':webview_flutter_android:assembleDebug' as it has no actions.
Resolve mutations for :yandex_maps_mapkit:stripDebugDebugSymbols (Thread[#103,Execution worker Thread 11,5,main]) started.
:yandex_maps_mapkit:stripDebugDebugSymbols (Thread[#103,Execution worker Thread 11,5,main]) started.

> Task :yandex_maps_mapkit:stripDebugDebugSymbols NO-SOURCE
Skipping task ':yandex_maps_mapkit:stripDebugDebugSymbols' as it has no source files and no previous output files.
Resolve mutations for :yandex_maps_mapkit:copyDebugJniLibsProjectAndLocalJars (Thread[#103,Execution worker Thread 11,5,main]) started.
:yandex_maps_mapkit:copyDebugJniLibsProjectAndLocalJars (Thread[#103,Execution worker Thread 11,5,main]) started.

> Task :yandex_maps_mapkit:copyDebugJniLibsProjectAndLocalJars UP-TO-DATE
Caching disabled for task ':yandex_maps_mapkit:copyDebugJniLibsProjectAndLocalJars' because:
  Build cache is disabled
  Caching has been disabled for the task
Skipping task ':yandex_maps_mapkit:copyDebugJniLibsProjectAndLocalJars' as it is up-to-date.
Resolve mutations for :yandex_maps_mapkit:extractDebugAnnotations (Thread[#103,Execution worker Thread 11,5,main]) started.
:yandex_maps_mapkit:extractDebugAnnotations (Thread[#103,Execution worker Thread 11,5,main]) started.

> Task :yandex_maps_mapkit:extractDebugAnnotations UP-TO-DATE
Caching disabled for task ':yandex_maps_mapkit:extractDebugAnnotations' because:
  Build cache is disabled
Skipping task ':yandex_maps_mapkit:extractDebugAnnotations' as it is up-to-date.
Resolve mutations for :yandex_maps_mapkit:extractDeepLinksForAarDebug (Thread[#103,Execution worker Thread 11,5,main]) started.
:yandex_maps_mapkit:extractDeepLinksForAarDebug (Thread[#103,Execution worker Thread 11,5,main]) started.

> Task :yandex_maps_mapkit:extractDeepLinksForAarDebug UP-TO-DATE
Caching disabled for task ':yandex_maps_mapkit:extractDeepLinksForAarDebug' because:
  Build cache is disabled
Skipping task ':yandex_maps_mapkit:extractDeepLinksForAarDebug' as it is up-to-date.
Resolve mutations for :yandex_maps_mapkit:mergeDebugGeneratedProguardFiles (Thread[#103,Execution worker Thread 11,5,main]) started.
:yandex_maps_mapkit:mergeDebugGeneratedProguardFiles (Thread[#103,Execution worker Thread 11,5,main]) started.

> Task :yandex_maps_mapkit:mergeDebugGeneratedProguardFiles UP-TO-DATE
Caching disabled for task ':yandex_maps_mapkit:mergeDebugGeneratedProguardFiles' because:
  Build cache is disabled
  Simple merging task
Skipping task ':yandex_maps_mapkit:mergeDebugGeneratedProguardFiles' as it is up-to-date.
Resolve mutations for :yandex_maps_mapkit:mergeDebugConsumerProguardFiles (Thread[#103,Execution worker Thread 11,5,main]) started.
:yandex_maps_mapkit:mergeDebugConsumerProguardFiles (Thread[#103,Execution worker Thread 11,5,main]) started.

> Task :yandex_maps_mapkit:mergeDebugConsumerProguardFiles UP-TO-DATE
Caching disabled for task ':yandex_maps_mapkit:mergeDebugConsumerProguardFiles' because:
  Build cache is disabled
  Simple merging task
Skipping task ':yandex_maps_mapkit:mergeDebugConsumerProguardFiles' as it is up-to-date.
Resolve mutations for :yandex_maps_mapkit:prepareDebugArtProfile (Thread[#103,Execution worker Thread 11,5,main]) started.
:yandex_maps_mapkit:prepareDebugArtProfile (Thread[#103,Execution worker Thread 11,5,main]) started.

> Task :yandex_maps_mapkit:prepareDebugArtProfile UP-TO-DATE
Caching disabled for task ':yandex_maps_mapkit:prepareDebugArtProfile' because:
  Build cache is disabled
  Caching has been disabled for the task
Skipping task ':yandex_maps_mapkit:prepareDebugArtProfile' as it is up-to-date.
Resolve mutations for :yandex_maps_mapkit:prepareLintJarForPublish (Thread[#103,Execution worker Thread 11,5,main]) started.
:yandex_maps_mapkit:prepareLintJarForPublish (Thread[#103,Execution worker Thread 11,5,main]) started.

> Task :yandex_maps_mapkit:prepareLintJarForPublish UP-TO-DATE
Caching disabled for task ':yandex_maps_mapkit:prepareLintJarForPublish' because:
  Build cache is disabled
  Caching has been disabled for the task
Skipping task ':yandex_maps_mapkit:prepareLintJarForPublish' as it is up-to-date.
Resolve mutations for :yandex_maps_mapkit:mergeDebugJavaResource (Thread[#103,Execution worker Thread 11,5,main]) started.
:yandex_maps_mapkit:mergeDebugJavaResource (Thread[#103,Execution worker Thread 11,5,main]) started.

> Task :yandex_maps_mapkit:mergeDebugJavaResource UP-TO-DATE
Caching disabled for task ':yandex_maps_mapkit:mergeDebugJavaResource' because:
  Build cache is disabled
  Caching has been disabled for the task
Skipping task ':yandex_maps_mapkit:mergeDebugJavaResource' as it is up-to-date.
Resolve mutations for :yandex_maps_mapkit:syncDebugLibJars (Thread[#103,Execution worker Thread 11,5,main]) started.
:yandex_maps_mapkit:syncDebugLibJars (Thread[#103,Execution worker Thread 11,5,main]) started.

> Task :yandex_maps_mapkit:syncDebugLibJars UP-TO-DATE
Caching disabled for task ':yandex_maps_mapkit:syncDebugLibJars' because:
  Build cache is disabled
Skipping task ':yandex_maps_mapkit:syncDebugLibJars' as it is up-to-date.
Resolve mutations for :yandex_maps_mapkit:bundleDebugAar (Thread[#103,Execution worker Thread 11,5,main]) started.
:yandex_maps_mapkit:bundleDebugAar (Thread[#103,Execution worker Thread 11,5,main]) started.

> Task :yandex_maps_mapkit:bundleDebugAar UP-TO-DATE
Caching disabled for task ':yandex_maps_mapkit:bundleDebugAar' because:
  Build cache is disabled
  Caching has been disabled for the task
Skipping task ':yandex_maps_mapkit:bundleDebugAar' as it is up-to-date.
Resolve mutations for :yandex_maps_mapkit:assembleDebug (Thread[#103,Execution worker Thread 11,5,main]) started.
:yandex_maps_mapkit:assembleDebug (Thread[#103,Execution worker Thread 11,5,main]) started.

> Task :yandex_maps_mapkit:assembleDebug UP-TO-DATE
Skipping task ':yandex_maps_mapkit:assembleDebug' as it has no actions.

> Task :app:mergeDebugJavaResource
Caching disabled for task ':app:mergeDebugJavaResource' because:
  Build cache is disabled
  Caching has been disabled for the task
Task ':app:mergeDebugJavaResource' is not up-to-date because:
  Input property 'externalLibJavaRes.fileCollection' file C:\Users\Utilisateur\.gradle\caches\modules-2\files-2.1\io.flutter\armeabi_v7a_debug\1.0.0-425cfb54d01a9472b3e81d9e76fd63a4a44cfbcb\5005b710938c3726307d6be8fd197dbd29738d4d\armeabi_v7a_debug-1.0.0-425cfb54d01a9472b3e81d9e76fd63a4a44cfbcb.jar has been added.
  Input property 'externalLibJavaRes.fileCollection' file C:\Users\Utilisateur\.gradle\caches\modules-2\files-2.1\io.flutter\x86_64_debug\1.0.0-425cfb54d01a9472b3e81d9e76fd63a4a44cfbcb\26d3dab74ac5d46ddc63b3b6cf4f2a5904af5874\x86_64_debug-1.0.0-425cfb54d01a9472b3e81d9e76fd63a4a44cfbcb.jar has been added.
Resolve mutations for :app:stripDebugDebugSymbols (Thread[#102,Execution worker Thread 10,5,main]) started.
:app:stripDebugDebugSymbols (Thread[#102,Execution worker Thread 10,5,main]) started.

> Task :app:stripDebugDebugSymbols
Caching disabled for task ':app:stripDebugDebugSymbols' because:
  Build cache is disabled
  Caching has been disabled for the task
Task ':app:stripDebugDebugSymbols' is not up-to-date because:
  Input property 'inputDir' file C:\Users\Utilisateur\build_pa\app\intermediates\merged_native_libs\debug\mergeDebugNativeLibs\out\lib\armeabi-v7a\libflutter.so has been added.
  Input property 'inputDir' file C:\Users\Utilisateur\build_pa\app\intermediates\merged_native_libs\debug\mergeDebugNativeLibs\out\lib\x86_64\libflutter.so has been added.
C/C++: android.ndkVersion from module build.gradle is [28.2.13676358]
C/C++: android.ndkPath from module build.gradle is not set
C/C++: android.ndkVersion from module build.gradle is [28.2.13676358]
C/C++: ndk.dir in local.properties is not set
C/C++: android.ndkPath from module build.gradle is not set
C/C++: Not considering ANDROID_NDK_HOME because support was removed after deprecation period.
C/C++: sdkFolder is C:\Users\Utilisateur\AppData\Local\Android\sdk
C/C++: ndk.dir in local.properties is not set
C/C++: Not considering ANDROID_NDK_HOME because support was removed after deprecation period.
C/C++: sdkFolder is C:\Users\Utilisateur\AppData\Local\Android\sdk
Starting process 'command 'C:\Users\Utilisateur\AppData\Local\Android\sdk\ndk\28.2.13676358\toolchains\llvm\prebuilt\windows-x86_64\bin\llvm-strip''. Working directory: C:\Users\Utilisateur\Documents\GitHub\monartisanpro-app\frontend_flutter\android\app Command: C:\Users\Utilisateur\AppData\Local\Android\sdk\ndk\28.2.13676358\toolchains\llvm\prebuilt\windows-x86_64\bin\llvm-strip --strip-unneeded -o C:\Users\Utilisateur\build_pa\app\intermediates\stripped_native_libs\debug\stripDebugDebugSymbols\out\lib\armeabi-v7a\libflutter.so C:\Users\Utilisateur\build_pa\app\intermediates\merged_native_libs\debug\mergeDebugNativeLibs\out\lib\armeabi-v7a\libflutter.so
Starting process 'command 'C:\Users\Utilisateur\AppData\Local\Android\sdk\ndk\28.2.13676358\toolchains\llvm\prebuilt\windows-x86_64\bin\llvm-strip''. Working directory: C:\Users\Utilisateur\Documents\GitHub\monartisanpro-app\frontend_flutter\android\app Command: C:\Users\Utilisateur\AppData\Local\Android\sdk\ndk\28.2.13676358\toolchains\llvm\prebuilt\windows-x86_64\bin\llvm-strip --strip-unneeded -o C:\Users\Utilisateur\build_pa\app\intermediates\stripped_native_libs\debug\stripDebugDebugSymbols\out\lib\x86_64\libflutter.so C:\Users\Utilisateur\build_pa\app\intermediates\merged_native_libs\debug\mergeDebugNativeLibs\out\lib\x86_64\libflutter.so
Successfully started process 'command 'C:\Users\Utilisateur\AppData\Local\Android\sdk\ndk\28.2.13676358\toolchains\llvm\prebuilt\windows-x86_64\bin\llvm-strip''
Successfully started process 'command 'C:\Users\Utilisateur\AppData\Local\Android\sdk\ndk\28.2.13676358\toolchains\llvm\prebuilt\windows-x86_64\bin\llvm-strip''
Resolve mutations for :app:packageDebug (Thread[#102,Execution worker Thread 10,5,main]) started.
:app:packageDebug (Thread[#102,Execution worker Thread 10,5,main]) started.

> Task :app:packageDebug
Custom actions are attached to task ':app:packageDebug'.
Caching disabled for task ':app:packageDebug' because:
  Build cache is disabled
  Caching has been disabled for the task
Task ':app:packageDebug' is not up-to-date because:
  Input property 'assets' file C:\Users\Utilisateur\build_pa\app\intermediates\compressed_assets\debug\compressDebugAssets\out\assets\flutter_assets\kernel_blob.bin.jar has changed.
  Input property 'jniFolders' file C:\Users\Utilisateur\build_pa\app\intermediates\stripped_native_libs\debug\stripDebugDebugSymbols\out\lib\armeabi-v7a\libimage_processing_util_jni.so has been removed.
  Input property 'jniFolders' file C:\Users\Utilisateur\build_pa\app\intermediates\stripped_native_libs\debug\stripDebugDebugSymbols\out\lib\armeabi-v7a\libflutter.so has been added.
  and more...
Resolve mutations for :app:createDebugApkListingFileRedirect (Thread[#102,Execution worker Thread 10,5,main]) started.
:app:createDebugApkListingFileRedirect (Thread[#102,Execution worker Thread 10,5,main]) started.

> Task :app:createDebugApkListingFileRedirect UP-TO-DATE
Caching disabled for task ':app:createDebugApkListingFileRedirect' because:
  Build cache is disabled
  Caching has been disabled for the task
Skipping task ':app:createDebugApkListingFileRedirect' as it is up-to-date.
Resolve mutations for :app:assembleDebug (Thread[#102,Execution worker Thread 10,5,main]) started.
:app:assembleDebug (Thread[#102,Execution worker Thread 10,5,main]) started.

> Task :app:assembleDebug
Caching disabled for task ':app:assembleDebug' because:
  Build cache is disabled
Task ':app:assembleDebug' is not up-to-date because:
  Task has not declared any outputs despite executing actions.
Build 4d3a53a2-c02d-45b0-9371-f57778f1ce46 is closed

[Incubating] Problems report is available at: file:///C:/Users/Utilisateur/build_pa/reports/problems/problems-report.html

Deprecated Gradle features were used in this build, making it incompatible with Gradle 9.0.

You can use '--warning-mode all' to show the individual deprecation warnings and determine if they come from your own scripts or plugins.

For more on this, please refer to https://docs.gradle.org/8.14/userguide/command_line_interface.html#sec:command_line_warnings in the Gradle documentation.

BUILD SUCCESSFUL in 1m 21s
453 actionable tasks: 25 executed, 428 up-to-date
Watched directory hierarchies: [C:\Users\Utilisateur\flutter\packages\flutter_tools\gradle, C:\Users\Utilisateur\Documents\GitHub\monartisanpro-app\frontend_flutter\android]
